,Date,Visitor,G,Home,G.1,Unnamed: 5,Att.,LOG,Notes
0,2022-10-07,San Jose Sharks,1.0,Nashville Predators,4.0,,16648.0,2:43,"at (Prague, CZ)"
1,2022-10-08,Nashville Predators,3.0,San Jose Sharks,2.0,,17023.0,2:33,"at (Prague, CZ)"
2,2022-10-11,Vegas Golden Knights,4.0,Los Angeles Kings,3.0,,18230.0,2:31,
3,2022-10-11,Tampa Bay Lightning,1.0,New York Rangers,3.0,,18006.0,2:21,
4,2022-10-12,Seattle Kraken,4.0,Anaheim Ducks,5.0,OT,17530.0,2:28,
5,2022-10-12,Columbus Blue Jackets,1.0,Carolina Hurricanes,4.0,,18824.0,2:37,
6,2022-10-12,Chicago Blackhawks,2.0,Colorado Avalanche,5.0,,18143.0,2:19,
7,2022-10-12,Vancouver Canucks,3.0,Edmonton Oilers,5.0,,18347.0,2:41,
8,2022-10-12,Toronto Maple Leafs,3.0,Montreal Canadiens,4.0,,21105.0,2:30,
9,2022-10-12,Boston Bruins,5.0,Washington Capitals,2.0,,18573.0,2:28,
10,2022-10-13,Ottawa Senators,1.0,Buffalo Sabres,4.0,,15364.0,2:21,
11,2022-10-13,Colorado Avalanche,3.0,Calgary Flames,5.0,,19289.0,2:35,
12,2022-10-13,Seattle Kraken,4.0,Los Angeles Kings,1.0,,15645.0,2:28,
13,2022-10-13,New York Rangers,7.0,Minnesota Wild,3.0,,18612.0,2:31,
14,2022-10-13,Dallas Stars,4.0,Nashville Predators,1.0,,17692.0,2:26,
15,2022-10-13,Florida Panthers,3.0,New York Islanders,1.0,,17255.0,2:36,
16,2022-10-13,New Jersey Devils,2.0,Philadelphia Flyers,5.0,,19107.0,2:34,
17,2022-10-13,Arizona Coyotes,2.0,Pittsburgh Penguins,6.0,,18355.0,2:34,
18,2022-10-13,Washington Capitals,2.0,Toronto Maple Leafs,3.0,,18914.0,2:33,
19,2022-10-13,Chicago Blackhawks,0.0,Vegas Golden Knights,1.0,,18467.0,2:27,
20,2022-10-14,Tampa Bay Lightning,5.0,Columbus Blue Jackets,2.0,,18889.0,2:25,
21,2022-10-14,Montreal Canadiens,0.0,Detroit Red Wings,3.0,,19515.0,2:30,
22,2022-10-14,Carolina Hurricanes,2.0,San Jose Sharks,1.0,,17562.0,2:27,
23,2022-10-14,New York Rangers,1.0,Winnipeg Jets,4.0,,14553.0,2:26,
24,2022-10-15,Arizona Coyotes,3.0,Boston Bruins,6.0,,17850.0,2:33,
25,2022-10-15,Florida Panthers,4.0,Buffalo Sabres,3.0,,11481.0,2:30,
26,2022-10-15,Nashville Predators,1.0,Dallas Stars,5.0,,18532.0,2:30,
27,2022-10-15,Calgary Flames,4.0,Edmonton Oilers,3.0,,18347.0,2:35,
28,2022-10-15,Los Angeles Kings,7.0,Minnesota Wild,6.0,,18421.0,2:44,
29,2022-10-15,Detroit Red Wings,5.0,New Jersey Devils,2.0,,16514.0,2:25,
30,2022-10-15,Anaheim Ducks,1.0,New York Islanders,7.0,,16487.0,2:32,
31,2022-10-15,Vancouver Canucks,2.0,Philadelphia Flyers,3.0,,14837.0,2:27,
32,2022-10-15,Tampa Bay Lightning,2.0,Pittsburgh Penguins,6.0,,18416.0,2:25,
33,2022-10-15,Vegas Golden Knights,5.0,Seattle Kraken,2.0,,17151.0,2:32,
34,2022-10-15,Chicago Blackhawks,5.0,San Jose Sharks,2.0,,15219.0,2:22,
35,2022-10-15,Columbus Blue Jackets,2.0,St. Louis Blues,5.0,,18096.0,2:19,
36,2022-10-15,Ottawa Senators,2.0,Toronto Maple Leafs,3.0,,18709.0,2:28,
37,2022-10-15,Montreal Canadiens,1.0,Washington Capitals,3.0,,18573.0,2:29,
38,2022-10-17,Florida Panthers,3.0,Boston Bruins,5.0,,17850.0,2:32,
39,2022-10-17,Winnipeg Jets,1.0,Dallas Stars,4.0,,17875.0,2:22,
40,2022-10-17,Los Angeles Kings,5.0,Detroit Red Wings,4.0,OT,15919.0,2:35,
41,2022-10-17,Colorado Avalanche,6.0,Minnesota Wild,3.0,,17437.0,2:36,
42,2022-10-17,Pittsburgh Penguins,2.0,Montreal Canadiens,3.0,OT,21105.0,2:32,
43,2022-10-17,Anaheim Ducks,4.0,New York Rangers,6.0,,18006.0,2:29,
44,2022-10-17,Carolina Hurricanes,5.0,Seattle Kraken,1.0,,17151.0,2:30,
45,2022-10-17,Arizona Coyotes,4.0,Toronto Maple Leafs,2.0,,18346.0,2:28,
46,2022-10-17,Vancouver Canucks,4.0,Washington Capitals,6.0,,18573.0,2:32,
47,2022-10-18,Vancouver Canucks,3.0,Columbus Blue Jackets,4.0,OT,14060.0,2:30,
48,2022-10-18,Vegas Golden Knights,2.0,Calgary Flames,3.0,,16944.0,2:34,
49,2022-10-18,Buffalo Sabres,4.0,Edmonton Oilers,2.0,,16121.0,2:35,
50,2022-10-18,Anaheim Ducks,2.0,New Jersey Devils,4.0,,10130.0,2:29,
51,2022-10-18,Los Angeles Kings,4.0,Nashville Predators,3.0,SO,17159.0,2:35,
52,2022-10-18,San Jose Sharks,2.0,New York Islanders,5.0,,13892.0,2:31,
53,2022-10-18,Boston Bruins,5.0,Ottawa Senators,7.0,,19811.0,2:41,
54,2022-10-18,Philadelphia Flyers,3.0,Tampa Bay Lightning,2.0,,19092.0,2:31,
55,2022-10-19,Winnipeg Jets,4.0,Colorado Avalanche,3.0,OT,18062.0,2:26,
56,2022-10-19,Philadelphia Flyers,3.0,Florida Panthers,4.0,,17421.0,2:38,
57,2022-10-19,St. Louis Blues,4.0,Seattle Kraken,3.0,OT,17151.0,2:27,
58,2022-10-20,Anaheim Ducks,1.0,Boston Bruins,2.0,SO,17850.0,2:48,
59,2022-10-20,Nashville Predators,3.0,Columbus Blue Jackets,5.0,,14691.0,2:37,
60,2022-10-20,Buffalo Sabres,6.0,Calgary Flames,3.0,,17080.0,2:28,
61,2022-10-20,Carolina Hurricanes,4.0,Edmonton Oilers,6.0,,16023.0,2:38,
62,2022-10-20,Vancouver Canucks,3.0,Minnesota Wild,4.0,OT,17323.0,2:29,
63,2022-10-20,Arizona Coyotes,2.0,Montreal Canadiens,6.0,,20691.0,2:28,
64,2022-10-20,New Jersey Devils,4.0,New York Islanders,1.0,,16046.0,2:22,
65,2022-10-20,San Jose Sharks,3.0,New York Rangers,2.0,OT,17083.0,2:27,
66,2022-10-20,Washington Capitals,2.0,Ottawa Senators,5.0,,14210.0,2:28,
67,2022-10-20,Los Angeles Kings,1.0,Pittsburgh Penguins,6.0,,17136.0,2:27,
68,2022-10-20,Dallas Stars,2.0,Toronto Maple Leafs,3.0,OT,18488.0,2:50,
69,2022-10-20,Winnipeg Jets,2.0,Vegas Golden Knights,5.0,,17777.0,2:19,
70,2022-10-21,Detroit Red Wings,3.0,Chicago Blackhawks,4.0,OT,18753.0,2:31,
71,2022-10-21,Seattle Kraken,3.0,Colorado Avalanche,2.0,,18131.0,2:26,
72,2022-10-21,Tampa Bay Lightning,3.0,Florida Panthers,2.0,OT,17531.0,2:44,
73,2022-10-22,Minnesota Wild,3.0,Boston Bruins,4.0,OT,17850.0,2:42,
74,2022-10-22,Pittsburgh Penguins,6.0,Columbus Blue Jackets,3.0,,18051.0,2:35,
75,2022-10-22,Carolina Hurricanes,2.0,Calgary Flames,3.0,OT,17210.0,2:27,
76,2022-10-22,St. Louis Blues,2.0,Edmonton Oilers,0.0,,17102.0,2:12,
77,2022-10-22,Dallas Stars,5.0,Montreal Canadiens,2.0,,21105.0,2:27,
78,2022-10-22,San Jose Sharks,1.0,New Jersey Devils,2.0,,11037.0,2:31,
79,2022-10-22,Philadelphia Flyers,3.0,Nashville Predators,1.0,,17470.0,2:34,
80,2022-10-22,Arizona Coyotes,2.0,Ottawa Senators,6.0,,15107.0,2:30,
81,2022-10-22,New York Islanders,3.0,Tampa Bay Lightning,5.0,,19092.0,2:31,
82,2022-10-22,Buffalo Sabres,5.0,Vancouver Canucks,1.0,,18809.0,2:26,
83,2022-10-22,Colorado Avalanche,3.0,Vegas Golden Knights,2.0,,18207.0,2:29,
84,2022-10-22,Toronto Maple Leafs,4.0,Winnipeg Jets,1.0,,15325.0,2:23,
85,2022-10-22,Los Angeles Kings,3.0,Washington Capitals,4.0,,18573.0,2:27,
86,2022-10-23,Seattle Kraken,4.0,Chicago Blackhawks,5.0,,14892.0,2:26,
87,2022-10-23,Anaheim Ducks,1.0,Detroit Red Wings,5.0,,17932.0,2:33,
88,2022-10-23,New York Islanders,2.0,Florida Panthers,3.0,,16342.0,2:26,
89,2022-10-23,Columbus Blue Jackets,5.0,New York Rangers,1.0,,18006.0,2:23,
90,2022-10-23,San Jose Sharks,3.0,Philadelphia Flyers,0.0,,14512.0,2:29,
91,2022-10-24,Pittsburgh Penguins,3.0,Edmonton Oilers,6.0,,17392.0,2:27,
92,2022-10-24,Washington Capitals,6.0,New Jersey Devils,3.0,,11405.0,2:31,
93,2022-10-24,Dallas Stars,2.0,Ottawa Senators,4.0,,12088.0,2:29,
94,2022-10-24,Carolina Hurricanes,3.0,Vancouver Canucks,2.0,,18775.0,2:34,
95,2022-10-24,Toronto Maple Leafs,1.0,Vegas Golden Knights,3.0,,17989.0,2:35,
96,2022-10-24,St. Louis Blues,0.0,Winnipeg Jets,4.0,,13936.0,2:18,
97,2022-10-25,Dallas Stars,1.0,Boston Bruins,3.0,,17850.0,2:27,
98,2022-10-25,Arizona Coyotes,6.0,Columbus Blue Jackets,3.0,,14498.0,2:33,
99,2022-10-25,Pittsburgh Penguins,1.0,Calgary Flames,4.0,,17628.0,2:28,
100,2022-10-25,Florida Panthers,2.0,Chicago Blackhawks,4.0,,12859.0,2:28,
101,2022-10-25,New Jersey Devils,6.0,Detroit Red Wings,2.0,,16546.0,2:27,
102,2022-10-25,Tampa Bay Lightning,2.0,Los Angeles Kings,4.0,,16480.0,2:26,
103,2022-10-25,Minnesota Wild,3.0,Montreal Canadiens,1.0,,20867.0,2:24,
104,2022-10-25,Colorado Avalanche,3.0,New York Rangers,2.0,SO,18006.0,2:47,
105,2022-10-25,Buffalo Sabres,1.0,Seattle Kraken,5.0,,17151.0,2:21,
106,2022-10-25,Vegas Golden Knights,4.0,San Jose Sharks,2.0,,12003.0,2:26,
107,2022-10-26,Tampa Bay Lightning,4.0,Anaheim Ducks,2.0,,14889.0,2:31,
108,2022-10-26,New York Rangers,0.0,New York Islanders,3.0,,17255.0,2:25,
109,2022-10-26,Edmonton Oilers,3.0,St. Louis Blues,1.0,,18096.0,2:24,
110,2022-10-27,Detroit Red Wings,1.0,Boston Bruins,5.0,,17850.0,2:31,
111,2022-10-27,Montreal Canadiens,3.0,Buffalo Sabres,2.0,,12735.0,2:21,
112,2022-10-27,Edmonton Oilers,6.0,Chicago Blackhawks,5.0,,13685.0,2:38,
113,2022-10-27,Washington Capitals,0.0,Dallas Stars,2.0,,18235.0,2:25,
114,2022-10-27,Winnipeg Jets,6.0,Los Angeles Kings,4.0,,15716.0,2:25,
115,2022-10-27,St. Louis Blues,2.0,Nashville Predators,6.0,,17159.0,2:19,
116,2022-10-27,Minnesota Wild,4.0,Ottawa Senators,2.0,,13870.0,2:35,
117,2022-10-27,Florida Panthers,3.0,Philadelphia Flyers,4.0,,14871.0,2:37,
118,2022-10-27,Vancouver Canucks,5.0,Seattle Kraken,4.0,,17151.0,2:31,
119,2022-10-27,Toronto Maple Leafs,3.0,San Jose Sharks,4.0,OT,12507.0,2:21,
120,2022-10-28,Winnipeg Jets,3.0,Arizona Coyotes,2.0,OT,4600.0,2:27,
121,2022-10-28,New York Islanders,6.0,Carolina Hurricanes,2.0,,18680.0,2:29,
122,2022-10-28,Boston Bruins,4.0,Columbus Blue Jackets,0.0,,16162.0,2:19,
123,2022-10-28,Colorado Avalanche,0.0,New Jersey Devils,1.0,,12502.0,2:21,
124,2022-10-28,Pittsburgh Penguins,1.0,Vancouver Canucks,5.0,,18528.0,2:26,
125,2022-10-28,Anaheim Ducks,0.0,Vegas Golden Knights,4.0,,18036.0,2:32,
126,2022-10-29,Chicago Blackhawks,3.0,Buffalo Sabres,4.0,OT,14547.0,2:31,
127,2022-10-29,Edmonton Oilers,3.0,Calgary Flames,2.0,,19289.0,2:30,
128,2022-10-29,New York Rangers,6.0,Dallas Stars,3.0,,18532.0,2:28,
129,2022-10-29,Minnesota Wild,1.0,Detroit Red Wings,2.0,,17364.0,2:15,
130,2022-10-29,Ottawa Senators,3.0,Florida Panthers,5.0,,15577.0,2:38,
131,2022-10-29,Toronto Maple Leafs,2.0,Los Angeles Kings,4.0,,17530.0,2:28,
132,2022-10-29,Washington Capitals,3.0,Nashville Predators,0.0,,17159.0,2:32,
133,2022-10-29,Colorado Avalanche,4.0,New York Islanders,5.0,,17255.0,2:30,
134,2022-10-29,Carolina Hurricanes,4.0,Philadelphia Flyers,3.0,OT,13335.0,2:40,
135,2022-10-29,Pittsburgh Penguins,1.0,Seattle Kraken,3.0,,17151.0,2:33,
136,2022-10-29,Tampa Bay Lightning,4.0,San Jose Sharks,3.0,,15122.0,2:17,
137,2022-10-29,Montreal Canadiens,7.0,St. Louis Blues,4.0,,18096.0,2:27,
138,2022-10-30,Toronto Maple Leafs,3.0,Anaheim Ducks,4.0,OT,16084.0,2:35,
139,2022-10-30,New York Rangers,3.0,Arizona Coyotes,2.0,,4600.0,2:24,
140,2022-10-30,Minnesota Wild,4.0,Chicago Blackhawks,3.0,SO,14149.0,2:55,
141,2022-10-30,Columbus Blue Jackets,1.0,New Jersey Devils,7.0,,11547.0,2:28,
142,2022-10-30,Winnipeg Jets,1.0,Vegas Golden Knights,2.0,OT,17824.0,2:31,
143,2022-10-31,Detroit Red Wings,3.0,Buffalo Sabres,8.0,,9673.0,2:27,
144,2022-10-31,Washington Capitals,2.0,Carolina Hurricanes,3.0,SO,16211.0,2:41,
145,2022-10-31,Los Angeles Kings,5.0,St. Louis Blues,1.0,,17220.0,2:23,
146,2022-11-01,Florida Panthers,1.0,Arizona Coyotes,3.0,,4600.0,2:30,
147,2022-11-01,Seattle Kraken,5.0,Calgary Flames,4.0,,16803.0,2:33,
148,2022-11-01,New York Islanders,3.0,Chicago Blackhawks,1.0,,12523.0,2:25,
149,2022-11-01,Los Angeles Kings,2.0,Dallas Stars,5.0,,18374.0,2:28,
150,2022-11-01,Nashville Predators,4.0,Edmonton Oilers,7.0,,16812.0,2:37,
151,2022-11-01,Montreal Canadiens,1.0,Minnesota Wild,4.0,,16385.0,2:26,
152,2022-11-01,Philadelphia Flyers,0.0,New York Rangers,1.0,OT,17206.0,2:29,
153,2022-11-01,Boston Bruins,6.0,Pittsburgh Penguins,5.0,OT,17629.0,2:43,
154,2022-11-01,Anaheim Ducks,6.0,San Jose Sharks,5.0,SO,10058.0,2:42,
155,2022-11-01,Ottawa Senators,3.0,Tampa Bay Lightning,4.0,,19092.0,2:33,
156,2022-11-01,New Jersey Devils,5.0,Vancouver Canucks,2.0,,18548.0,2:24,
157,2022-11-01,Vegas Golden Knights,3.0,Washington Capitals,2.0,OT,18573.0,2:34,
158,2022-11-02,Pittsburgh Penguins,3.0,Buffalo Sabres,6.0,,12201.0,2:28,
159,2022-11-02,Philadelphia Flyers,2.0,Toronto Maple Leafs,5.0,,18437.0,2:36,
160,2022-11-03,Dallas Stars,7.0,Arizona Coyotes,2.0,,4600.0,2:25,
161,2022-11-03,Nashville Predators,4.0,Calgary Flames,1.0,,16984.0,2:31,
162,2022-11-03,Los Angeles Kings,1.0,Chicago Blackhawks,2.0,OT,16658.0,2:30,
163,2022-11-03,Washington Capitals,1.0,Detroit Red Wings,3.0,,18527.0,2:25,
164,2022-11-03,New Jersey Devils,4.0,Edmonton Oilers,3.0,,17021.0,2:22,
165,2022-11-03,Seattle Kraken,4.0,Minnesota Wild,0.0,,17221.0,2:19,
166,2022-11-03,Boston Bruins,5.0,New York Rangers,2.0,,18006.0,2:21,
167,2022-11-03,Vegas Golden Knights,5.0,Ottawa Senators,4.0,,16043.0,2:34,
168,2022-11-03,Florida Panthers,4.0,San Jose Sharks,3.0,SO,10182.0,2:42,
169,2022-11-03,New York Islanders,5.0,St. Louis Blues,2.0,,18096.0,2:33,
170,2022-11-03,Carolina Hurricanes,4.0,Tampa Bay Lightning,3.0,SO,19092.0,3:01,
171,2022-11-03,Anaheim Ducks,5.0,Vancouver Canucks,8.0,,18760.0,2:34,
172,2022-11-03,Montreal Canadiens,2.0,Winnipeg Jets,3.0,OT,13729.0,2:27,
173,2022-11-04,Buffalo Sabres,3.0,Carolina Hurricanes,5.0,,18727.0,2:32,
174,2022-11-04,Columbus Blue Jackets,3.0,Colorado Avalanche,6.0,,12882.0,2:40,"at Nokia Arena (Tampere, FI)"
175,2022-11-05,Colorado Avalanche,5.0,Columbus Blue Jackets,1.0,,12897.0,2:27,"at Nokia Arena (Tampere, FI)"
176,2022-11-05,New Jersey Devils,4.0,Calgary Flames,3.0,OT,17386.0,2:38,
177,2022-11-05,New York Islanders,0.0,Detroit Red Wings,3.0,,19515.0,2:22,
178,2022-11-05,Dallas Stars,6.0,Edmonton Oilers,2.0,,17067.0,2:25,
179,2022-11-05,Florida Panthers,4.0,Los Angeles Kings,5.0,,16161.0,2:44,
180,2022-11-05,Vegas Golden Knights,6.0,Montreal Canadiens,4.0,,21105.0,2:27,
181,2022-11-05,Philadelphia Flyers,2.0,Ottawa Senators,1.0,,16722.0,2:29,
182,2022-11-05,Seattle Kraken,3.0,Pittsburgh Penguins,2.0,,18302.0,2:10,
183,2022-11-05,Anaheim Ducks,5.0,San Jose Sharks,4.0,SO,17562.0,2:47,
184,2022-11-05,Buffalo Sabres,3.0,Tampa Bay Lightning,5.0,,19092.0,2:35,
185,2022-11-05,Boston Bruins,1.0,Toronto Maple Leafs,2.0,,18926.0,2:14,
186,2022-11-05,Nashville Predators,4.0,Vancouver Canucks,3.0,SO,18855.0,2:46,
187,2022-11-05,Chicago Blackhawks,0.0,Winnipeg Jets,4.0,,13210.0,2:24,
188,2022-11-05,Arizona Coyotes,3.0,Washington Capitals,2.0,,18573.0,2:30,
189,2022-11-06,Florida Panthers,5.0,Anaheim Ducks,3.0,,15174.0,2:30,
190,2022-11-06,Toronto Maple Leafs,3.0,Carolina Hurricanes,1.0,,18463.0,2:23,
191,2022-11-06,Detroit Red Wings,3.0,New York Rangers,2.0,OT,18006.0,2:33,
192,2022-11-07,St. Louis Blues,1.0,Boston Bruins,3.0,,17850.0,2:25,
193,2022-11-07,Calgary Flames,3.0,New York Islanders,4.0,OT,15722.0,2:33,
194,2022-11-07,Edmonton Oilers,4.0,Washington Capitals,5.0,,18573.0,2:34,
195,2022-11-08,Arizona Coyotes,4.0,Buffalo Sabres,1.0,,10296.0,2:47,
196,2022-11-08,Montreal Canadiens,3.0,Detroit Red Wings,2.0,SO,17033.0,2:38,
197,2022-11-08,Minnesota Wild,0.0,Los Angeles Kings,1.0,,13558.0,2:23,
198,2022-11-08,Calgary Flames,2.0,New Jersey Devils,3.0,,13096.0,2:32,
199,2022-11-08,New York Islanders,4.0,New York Rangers,3.0,,18006.0,2:31,
200,2022-11-08,Vancouver Canucks,6.0,Ottawa Senators,4.0,,13351.0,2:22,
201,2022-11-08,St. Louis Blues,1.0,Philadelphia Flyers,5.0,,15228.0,2:25,
202,2022-11-08,Nashville Predators,1.0,Seattle Kraken,5.0,,17151.0,2:18,
203,2022-11-08,Edmonton Oilers,3.0,Tampa Bay Lightning,2.0,,19092.0,2:40,
204,2022-11-08,Vegas Golden Knights,4.0,Toronto Maple Leafs,3.0,OT,18459.0,2:22,
205,2022-11-08,Dallas Stars,1.0,Winnipeg Jets,5.0,,13847.0,2:19,
206,2022-11-09,Minnesota Wild,4.0,Anaheim Ducks,1.0,,14803.0,2:30,
207,2022-11-09,Carolina Hurricanes,0.0,Florida Panthers,3.0,,13225.0,2:25,
208,2022-11-09,Vancouver Canucks,2.0,Montreal Canadiens,5.0,,21105.0,2:24,
209,2022-11-09,Pittsburgh Penguins,4.0,Washington Capitals,1.0,,18573.0,2:25,
210,2022-11-10,Calgary Flames,1.0,Boston Bruins,3.0,,17850.0,2:28,
211,2022-11-10,Vegas Golden Knights,7.0,Buffalo Sabres,4.0,,15757.0,2:37,
212,2022-11-10,Edmonton Oilers,2.0,Carolina Hurricanes,7.0,,18118.0,2:22,
213,2022-11-10,Philadelphia Flyers,2.0,Columbus Blue Jackets,5.0,,15490.0,2:37,
214,2022-11-10,Nashville Predators,3.0,Colorado Avalanche,5.0,,18134.0,2:34,
215,2022-11-10,New York Rangers,8.0,Detroit Red Wings,2.0,,18869.0,2:20,
216,2022-11-10,Chicago Blackhawks,1.0,Los Angeles Kings,2.0,OT,16443.0,2:33,
217,2022-11-10,Ottawa Senators,3.0,New Jersey Devils,4.0,OT,13806.0,2:35,
218,2022-11-10,Arizona Coyotes,2.0,New York Islanders,0.0,,17255.0,2:28,
219,2022-11-10,San Jose Sharks,3.0,St. Louis Blues,5.0,,18096.0,2:24,
220,2022-11-11,San Jose Sharks,5.0,Dallas Stars,4.0,,18532.0,2:31,
221,2022-11-11,Minnesota Wild,1.0,Seattle Kraken,0.0,,17151.0,2:22,
222,2022-11-11,Pittsburgh Penguins,4.0,Toronto Maple Leafs,2.0,,19229.0,2:19,
223,2022-11-11,Tampa Bay Lightning,1.0,Washington Capitals,5.0,,18573.0,2:29,
224,2022-11-12,Chicago Blackhawks,3.0,Anaheim Ducks,2.0,,15184.0,2:32,
225,2022-11-12,Boston Bruins,3.0,Buffalo Sabres,1.0,,19070.0,2:28,
226,2022-11-12,Winnipeg Jets,2.0,Calgary Flames,3.0,,18501.0,2:33,
227,2022-11-12,Carolina Hurricanes,1.0,Colorado Avalanche,4.0,,18127.0,2:21,
228,2022-11-12,Edmonton Oilers,4.0,Florida Panthers,2.0,,16579.0,2:24,
229,2022-11-12,Detroit Red Wings,3.0,Los Angeles Kings,4.0,,18230.0,2:26,
230,2022-11-12,Pittsburgh Penguins,4.0,Montreal Canadiens,5.0,OT,21105.0,2:35,
231,2022-11-12,Arizona Coyotes,2.0,New Jersey Devils,4.0,,16514.0,2:30,
232,2022-11-12,New York Rangers,1.0,Nashville Predators,2.0,,17169.0,2:25,
233,2022-11-12,Columbus Blue Jackets,3.0,New York Islanders,4.0,OT,17255.0,2:26,
234,2022-11-12,Ottawa Senators,4.0,Philadelphia Flyers,1.0,,16912.0,2:28,
235,2022-11-12,Vancouver Canucks,2.0,Toronto Maple Leafs,3.0,,19497.0,2:18,
236,2022-11-12,St. Louis Blues,3.0,Vegas Golden Knights,2.0,,18343.0,2:28,
237,2022-11-13,Vancouver Canucks,2.0,Boston Bruins,5.0,,17850.0,2:30,
238,2022-11-13,San Jose Sharks,3.0,Minnesota Wild,2.0,SO,17105.0,2:34,
239,2022-11-13,Arizona Coyotes,1.0,New York Rangers,4.0,,18006.0,2:25,
240,2022-11-13,Dallas Stars,5.0,Philadelphia Flyers,1.0,,16898.0,2:24,
241,2022-11-13,Winnipeg Jets,3.0,Seattle Kraken,2.0,OT,17151.0,2:28,
242,2022-11-13,Washington Capitals,3.0,Tampa Bay Lightning,6.0,,19092.0,2:41,
243,2022-11-14,Los Angeles Kings,5.0,Calgary Flames,6.0,,17308.0,2:32,
244,2022-11-14,Carolina Hurricanes,3.0,Chicago Blackhawks,0.0,,15676.0,2:23,
245,2022-11-14,St. Louis Blues,3.0,Colorado Avalanche,2.0,,18104.0,2:30,
246,2022-11-14,New York Islanders,4.0,Ottawa Senators,2.0,,13408.0,2:28,
247,2022-11-15,Detroit Red Wings,2.0,Anaheim Ducks,3.0,OT,15198.0,2:34,
248,2022-11-15,Vancouver Canucks,5.0,Buffalo Sabres,4.0,,11130.0,2:27,
249,2022-11-15,Philadelphia Flyers,4.0,Columbus Blue Jackets,5.0,OT,15713.0,2:34,
250,2022-11-15,Washington Capitals,2.0,Florida Panthers,5.0,,13813.0,2:29,
251,2022-11-15,New Jersey Devils,5.0,Montreal Canadiens,1.0,,20753.0,2:32,
252,2022-11-15,Minnesota Wild,1.0,Nashville Predators,2.0,,17159.0,2:32,
253,2022-11-15,Toronto Maple Leafs,5.0,Pittsburgh Penguins,2.0,,17035.0,2:21,
254,2022-11-15,Dallas Stars,4.0,Tampa Bay Lightning,5.0,OT,19092.0,2:49,
255,2022-11-15,San Jose Sharks,5.0,Vegas Golden Knights,2.0,,17899.0,2:25,
256,2022-11-16,St. Louis Blues,5.0,Chicago Blackhawks,2.0,,16284.0,2:18,
257,2022-11-16,Los Angeles Kings,3.0,Edmonton Oilers,1.0,,16943.0,2:28,
258,2022-11-16,Buffalo Sabres,1.0,Ottawa Senators,4.0,,13558.0,2:32,
259,2022-11-17,Philadelphia Flyers,1.0,Boston Bruins,4.0,,17850.0,2:30,
260,2022-11-17,Colorado Avalanche,3.0,Carolina Hurricanes,2.0,OT,18680.0,2:33,
261,2022-11-17,Montreal Canadiens,4.0,Columbus Blue Jackets,6.0,,14914.0,2:36,
262,2022-11-17,Dallas Stars,6.0,Florida Panthers,4.0,,14428.0,2:38,
263,2022-11-17,Pittsburgh Penguins,6.0,Minnesota Wild,4.0,,18224.0,2:28,
264,2022-11-17,New York Islanders,4.0,Nashville Predators,5.0,,17159.0,2:25,
265,2022-11-17,New York Rangers,2.0,Seattle Kraken,3.0,OT,17151.0,2:28,
266,2022-11-17,Detroit Red Wings,7.0,San Jose Sharks,4.0,,14134.0,2:19,
267,2022-11-17,Washington Capitals,4.0,St. Louis Blues,5.0,SO,18096.0,2:50,
268,2022-11-17,Calgary Flames,1.0,Tampa Bay Lightning,4.0,,19092.0,2:38,
269,2022-11-17,New Jersey Devils,3.0,Toronto Maple Leafs,2.0,OT,18189.0,2:22,
270,2022-11-17,Arizona Coyotes,1.0,Vegas Golden Knights,4.0,,17708.0,2:27,
271,2022-11-17,Anaheim Ducks,2.0,Winnipeg Jets,3.0,,14278.0,2:24,
272,2022-11-18,Los Angeles Kings,1.0,Vancouver Canucks,4.0,,18841.0,2:24,
273,2022-11-19,Chicago Blackhawks,1.0,Boston Bruins,6.0,,17850.0,2:21,
274,2022-11-19,Detroit Red Wings,6.0,Columbus Blue Jackets,1.0,,18693.0,2:25,
275,2022-11-19,New York Islanders,2.0,Dallas Stars,5.0,,18532.0,2:25,
276,2022-11-19,Vegas Golden Knights,3.0,Edmonton Oilers,4.0,OT,18347.0,2:20,
277,2022-11-19,Calgary Flames,5.0,Florida Panthers,4.0,SO,15842.0,2:48,
278,2022-11-19,Carolina Hurricanes,1.0,Minnesota Wild,2.0,OT,18278.0,2:31,
279,2022-11-19,Philadelphia Flyers,4.0,Montreal Canadiens,5.0,SO,21105.0,2:41,
280,2022-11-19,Tampa Bay Lightning,3.0,Nashville Predators,2.0,OT,17444.0,2:32,
281,2022-11-19,New Jersey Devils,5.0,Ottawa Senators,1.0,,18881.0,2:33,
282,2022-11-19,Los Angeles Kings,2.0,Seattle Kraken,3.0,OT,17151.0,2:21,
283,2022-11-19,New York Rangers,2.0,San Jose Sharks,1.0,,17562.0,2:28,
284,2022-11-19,Anaheim Ducks,2.0,St. Louis Blues,6.0,,18096.0,2:27,
285,2022-11-19,Buffalo Sabres,2.0,Toronto Maple Leafs,5.0,,18645.0,2:26,
286,2022-11-19,Pittsburgh Penguins,3.0,Winnipeg Jets,0.0,,15325.0,2:26,
287,2022-11-19,Colorado Avalanche,4.0,Washington Capitals,0.0,,18573.0,2:26,
288,2022-11-20,Florida Panthers,3.0,Columbus Blue Jackets,5.0,,15643.0,2:30,
289,2022-11-20,Pittsburgh Penguins,5.0,Chicago Blackhawks,3.0,,21182.0,2:30,
290,2022-11-21,Colorado Avalanche,3.0,Dallas Stars,2.0,SO,18532.0,2:44,
291,2022-11-21,Edmonton Oilers,2.0,New Jersey Devils,5.0,,16514.0,2:23,
292,2022-11-21,Arizona Coyotes,3.0,Nashville Predators,4.0,SO,17159.0,2:46,
293,2022-11-21,Calgary Flames,5.0,Philadelphia Flyers,2.0,,17896.0,2:21,
294,2022-11-21,Ottawa Senators,1.0,San Jose Sharks,5.0,,11295.0,2:26,
295,2022-11-21,Anaheim Ducks,1.0,St. Louis Blues,3.0,,18096.0,2:21,
296,2022-11-21,Boston Bruins,5.0,Tampa Bay Lightning,3.0,,19092.0,2:29,
297,2022-11-21,New York Islanders,3.0,Toronto Maple Leafs,2.0,OT,18494.0,2:32,
298,2022-11-21,Vegas Golden Knights,5.0,Vancouver Canucks,4.0,,18558.0,2:37,
299,2022-11-21,Carolina Hurricanes,3.0,Winnipeg Jets,4.0,OT,13346.0,2:19,
300,2022-11-22,New York Rangers,5.0,Los Angeles Kings,3.0,,18230.0,2:27,
301,2022-11-22,Buffalo Sabres,7.0,Montreal Canadiens,2.0,,20984.0,2:26,
302,2022-11-23,New York Rangers,2.0,Anaheim Ducks,3.0,,13759.0,2:21,
303,2022-11-23,St. Louis Blues,2.0,Buffalo Sabres,6.0,,17302.0,2:20,
304,2022-11-23,Arizona Coyotes,4.0,Carolina Hurricanes,0.0,,18775.0,2:27,
305,2022-11-23,Montreal Canadiens,3.0,Columbus Blue Jackets,1.0,,14197.0,2:32,
306,2022-11-23,Vancouver Canucks,4.0,Colorado Avalanche,3.0,,18132.0,2:38,
307,2022-11-23,Chicago Blackhawks,4.0,Dallas Stars,6.0,,18532.0,2:29,
308,2022-11-23,Nashville Predators,0.0,Detroit Red Wings,3.0,,19515.0,2:19,
309,2022-11-23,Boston Bruins,2.0,Florida Panthers,5.0,,17511.0,2:37,
310,2022-11-23,Winnipeg Jets,1.0,Minnesota Wild,6.0,,17450.0,2:33,
311,2022-11-23,Toronto Maple Leafs,2.0,New Jersey Devils,1.0,,16514.0,2:42,
312,2022-11-23,Edmonton Oilers,0.0,New York Islanders,3.0,,17255.0,2:34,
313,2022-11-23,Calgary Flames,1.0,Pittsburgh Penguins,2.0,SO,18149.0,2:37,
314,2022-11-23,San Jose Sharks,5.0,Seattle Kraken,8.0,,17151.0,2:25,
315,2022-11-23,Ottawa Senators,1.0,Vegas Golden Knights,4.0,,17955.0,2:34,
316,2022-11-23,Philadelphia Flyers,2.0,Washington Capitals,3.0,OT,18573.0,2:33,
317,2022-11-25,Ottawa Senators,5.0,Anaheim Ducks,1.0,,14278.0,2:36,
318,2022-11-25,Carolina Hurricanes,2.0,Boston Bruins,3.0,OT,17850.0,2:48,
319,2022-11-25,New Jersey Devils,3.0,Buffalo Sabres,1.0,,16727.0,2:32,
320,2022-11-25,New York Islanders,3.0,Columbus Blue Jackets,2.0,,17286.0,2:29,
321,2022-11-25,Montreal Canadiens,3.0,Chicago Blackhawks,2.0,SO,16159.0,2:37,
322,2022-11-25,Winnipeg Jets,5.0,Dallas Stars,4.0,OT,18532.0,2:48,
323,2022-11-25,Arizona Coyotes,3.0,Detroit Red Wings,4.0,SO,19515.0,2:41,
324,2022-11-25,Toronto Maple Leafs,4.0,Minnesota Wild,3.0,,18997.0,2:28,
325,2022-11-25,Pittsburgh Penguins,4.0,Philadelphia Flyers,1.0,,19309.0,2:22,
326,2022-11-25,Los Angeles Kings,5.0,San Jose Sharks,2.0,,17562.0,2:29,
327,2022-11-25,St. Louis Blues,2.0,Tampa Bay Lightning,5.0,,19092.0,2:22,
328,2022-11-25,Seattle Kraken,4.0,Vegas Golden Knights,2.0,,18119.0,2:22,
329,2022-11-25,Calgary Flames,0.0,Washington Capitals,3.0,,18573.0,2:25,
330,2022-11-26,Calgary Flames,2.0,Carolina Hurricanes,3.0,,18845.0,2:29,
331,2022-11-26,Dallas Stars,1.0,Colorado Avalanche,4.0,,18129.0,2:40,
332,2022-11-26,St. Louis Blues,5.0,Florida Panthers,4.0,OT,15649.0,2:26,
333,2022-11-26,Washington Capitals,1.0,New Jersey Devils,5.0,,16514.0,2:27,
334,2022-11-26,Philadelphia Flyers,2.0,New York Islanders,5.0,,17255.0,2:18,
335,2022-11-26,Edmonton Oilers,4.0,New York Rangers,3.0,,18006.0,2:34,
336,2022-11-26,Toronto Maple Leafs,4.0,Pittsburgh Penguins,1.0,,18166.0,2:25,
337,2022-11-26,Vancouver Canucks,5.0,Vegas Golden Knights,1.0,,18004.0,2:30,
338,2022-11-27,Seattle Kraken,5.0,Anaheim Ducks,4.0,,14324.0,2:25,
339,2022-11-27,Winnipeg Jets,7.0,Chicago Blackhawks,2.0,,17611.0,2:23,
340,2022-11-27,Ottawa Senators,3.0,Los Angeles Kings,2.0,OT,15136.0,2:37,
341,2022-11-27,Arizona Coyotes,3.0,Minnesota Wild,4.0,,17745.0,2:31,
342,2022-11-27,Vancouver Canucks,4.0,San Jose Sharks,3.0,OT,11307.0,2:21,
343,2022-11-28,Tampa Bay Lightning,6.0,Buffalo Sabres,5.0,OT,11766.0,2:37,
344,2022-11-28,Vegas Golden Knights,3.0,Columbus Blue Jackets,2.0,SO,13771.0,2:44,
345,2022-11-28,Toronto Maple Leafs,4.0,Detroit Red Wings,2.0,,18277.0,2:24,
346,2022-11-28,Florida Panthers,3.0,Edmonton Oilers,4.0,OT,17775.0,2:39,
347,2022-11-28,New Jersey Devils,5.0,New York Rangers,3.0,,17928.0,2:24,
348,2022-11-28,Dallas Stars,4.0,St. Louis Blues,1.0,,18096.0,2:13,
349,2022-11-29,Tampa Bay Lightning,1.0,Boston Bruins,3.0,,17850.0,2:26,
350,2022-11-29,Florida Panthers,2.0,Calgary Flames,6.0,,17806.0,2:26,
351,2022-11-29,Seattle Kraken,9.0,Los Angeles Kings,8.0,OT,13215.0,2:31,
352,2022-11-29,San Jose Sharks,4.0,Montreal Canadiens,0.0,,21105.0,2:22,
353,2022-11-29,Anaheim Ducks,1.0,Nashville Predators,2.0,OT,17159.0,2:28,
354,2022-11-29,New York Islanders,1.0,Philadelphia Flyers,3.0,,18143.0,2:27,
355,2022-11-29,Carolina Hurricanes,3.0,Pittsburgh Penguins,2.0,OT,15942.0,2:26,
356,2022-11-29,Washington Capitals,5.0,Vancouver Canucks,1.0,,18179.0,2:18,
357,2022-11-29,Colorado Avalanche,0.0,Winnipeg Jets,5.0,,13510.0,2:24,
358,2022-11-30,Edmonton Oilers,5.0,Chicago Blackhawks,4.0,,15397.0,2:34,
359,2022-11-30,Buffalo Sabres,5.0,Detroit Red Wings,4.0,SO,17117.0,2:47,
360,2022-11-30,New York Rangers,3.0,Ottawa Senators,1.0,,14654.0,2:23,
361,2022-11-30,San Jose Sharks,1.0,Toronto Maple Leafs,3.0,,18679.0,2:21,
362,2022-12-01,Colorado Avalanche,6.0,Buffalo Sabres,4.0,,12805.0,2:32,
363,2022-12-01,Montreal Canadiens,2.0,Calgary Flames,1.0,,18106.0,2:33,
364,2022-12-01,Anaheim Ducks,0.0,Dallas Stars,5.0,,18012.0,2:27,
365,2022-12-01,Arizona Coyotes,3.0,Los Angeles Kings,5.0,,13764.0,2:25,
366,2022-12-01,Edmonton Oilers,3.0,Minnesota Wild,5.0,,17651.0,2:23,
367,2022-12-01,Nashville Predators,4.0,New Jersey Devils,3.0,OT,14071.0,2:26,
368,2022-12-01,Tampa Bay Lightning,4.0,Philadelphia Flyers,1.0,,17867.0,2:20,
369,2022-12-01,Vegas Golden Knights,3.0,Pittsburgh Penguins,4.0,,15895.0,2:28,
370,2022-12-01,Washington Capitals,2.0,Seattle Kraken,3.0,OT,17151.0,2:25,
371,2022-12-01,Carolina Hurricanes,6.0,St. Louis Blues,4.0,,18096.0,2:24,
372,2022-12-01,Florida Panthers,5.0,Vancouver Canucks,1.0,,18052.0,2:31,
373,2022-12-02,Nashville Predators,,New York Islanders,,,,,
374,2022-12-02,Ottawa Senators,,New York Rangers,,,,,
375,2022-12-02,Columbus Blue Jackets,,Winnipeg Jets,,,,,
376,2022-12-03,Colorado Avalanche,,Boston Bruins,,,,,
377,2022-12-03,Washington Capitals,,Calgary Flames,,,,,
378,2022-12-03,Vegas Golden Knights,,Detroit Red Wings,,,,,
379,2022-12-03,Montreal Canadiens,,Edmonton Oilers,,,,,
380,2022-12-03,Carolina Hurricanes,,Los Angeles Kings,,,,,
381,2022-12-03,Anaheim Ducks,,Minnesota Wild,,,,,
382,2022-12-03,Chicago Blackhawks,,New York Rangers,,,,,
383,2022-12-03,San Jose Sharks,,Ottawa Senators,,,,,
384,2022-12-03,New Jersey Devils,,Philadelphia Flyers,,,,,
385,2022-12-03,St. Louis Blues,,Pittsburgh Penguins,,,,,
386,2022-12-03,Florida Panthers,,Seattle Kraken,,,,,
387,2022-12-03,Toronto Maple Leafs,,Tampa Bay Lightning,,,,,
388,2022-12-03,Arizona Coyotes,,Vancouver Canucks,,,,,
389,2022-12-04,San Jose Sharks,,Buffalo Sabres,,,,,
390,2022-12-04,Detroit Red Wings,,Columbus Blue Jackets,,,,,
391,2022-12-04,Minnesota Wild,,Dallas Stars,,,,,
392,2022-12-04,Chicago Blackhawks,,New York Islanders,,,,,
393,2022-12-04,Anaheim Ducks,,Winnipeg Jets,,,,,
394,2022-12-05,Vegas Golden Knights,,Boston Bruins,,,,,
395,2022-12-05,Arizona Coyotes,,Calgary Flames,,,,,
396,2022-12-05,Washington Capitals,,Edmonton Oilers,,,,,
397,2022-12-05,St. Louis Blues,,New York Rangers,,,,,
398,2022-12-05,Colorado Avalanche,,Philadelphia Flyers,,,,,
399,2022-12-05,Montreal Canadiens,,Vancouver Canucks,,,,,
400,2022-12-06,Carolina Hurricanes,,Anaheim Ducks,,,,,
401,2022-12-06,Toronto Maple Leafs,,Dallas Stars,,,,,
402,2022-12-06,Chicago Blackhawks,,New Jersey Devils,,,,,
403,2022-12-06,St. Louis Blues,,New York Islanders,,,,,
404,2022-12-06,Los Angeles Kings,,Ottawa Senators,,,,,
405,2022-12-06,Columbus Blue Jackets,,Pittsburgh Penguins,,,,,
406,2022-12-06,Montreal Canadiens,,Seattle Kraken,,,,,
407,2022-12-06,Detroit Red Wings,,Tampa Bay Lightning,,,,,
408,2022-12-06,Florida Panthers,,Winnipeg Jets,,,,,
409,2022-12-07,Buffalo Sabres,,Columbus Blue Jackets,,,,,
410,2022-12-07,Minnesota Wild,,Calgary Flames,,,,,
411,2022-12-07,Boston Bruins,,Colorado Avalanche,,,,,
412,2022-12-07,Arizona Coyotes,,Edmonton Oilers,,,,,
413,2022-12-07,Washington Capitals,,Philadelphia Flyers,,,,,
414,2022-12-07,Vancouver Canucks,,San Jose Sharks,,,,,
415,2022-12-07,New York Rangers,,Vegas Golden Knights,,,,,
416,2022-12-08,Ottawa Senators,,Dallas Stars,,,,,
417,2022-12-08,Detroit Red Wings,,Florida Panthers,,,,,
418,2022-12-08,Winnipeg Jets,,St. Louis Blues,,,,,
419,2022-12-08,Nashville Predators,,Tampa Bay Lightning,,,,,
420,2022-12-08,Los Angeles Kings,,Toronto Maple Leafs,,,,,
421,2022-12-09,San Jose Sharks,,Anaheim Ducks,,,,,
422,2022-12-09,Boston Bruins,,Arizona Coyotes,,,,,
423,2022-12-09,Pittsburgh Penguins,,Buffalo Sabres,,,,,
424,2022-12-09,Calgary Flames,,Columbus Blue Jackets,,,,,
425,2022-12-09,Winnipeg Jets,,Chicago Blackhawks,,,,,
426,2022-12-09,New York Rangers,,Colorado Avalanche,,,,,
427,2022-12-09,Minnesota Wild,,Edmonton Oilers,,,,,
428,2022-12-09,New York Islanders,,New Jersey Devils,,,,,
429,2022-12-09,Philadelphia Flyers,,Vegas Golden Knights,,,,,
430,2022-12-09,Seattle Kraken,,Washington Capitals,,,,,
431,2022-12-10,Detroit Red Wings,,Dallas Stars,,,,,
432,2022-12-10,Los Angeles Kings,,Montreal Canadiens,,,,,
433,2022-12-10,Ottawa Senators,,Nashville Predators,,,,,
434,2022-12-10,Carolina Hurricanes,,New York Islanders,,,,,
435,2022-12-10,Buffalo Sabres,,Pittsburgh Penguins,,,,,
436,2022-12-10,Florida Panthers,,Tampa Bay Lightning,,,,,
437,2022-12-10,Calgary Flames,,Toronto Maple Leafs,,,,,
438,2022-12-10,Minnesota Wild,,Vancouver Canucks,,,,,
439,2022-12-11,Philadelphia Flyers,,Arizona Coyotes,,,,,
440,2022-12-11,Los Angeles Kings,,Columbus Blue Jackets,,,,,
441,2022-12-11,Seattle Kraken,,Florida Panthers,,,,,
442,2022-12-11,Colorado Avalanche,,St. Louis Blues,,,,,
443,2022-12-11,Boston Bruins,,Vegas Golden Knights,,,,,
444,2022-12-11,Washington Capitals,,Winnipeg Jets,,,,,
445,2022-12-12,Edmonton Oilers,,Minnesota Wild,,,,,
446,2022-12-12,Calgary Flames,,Montreal Canadiens,,,,,
447,2022-12-12,New Jersey Devils,,New York Rangers,,,,,
448,2022-12-12,Anaheim Ducks,,Ottawa Senators,,,,,
449,2022-12-12,Dallas Stars,,Pittsburgh Penguins,,,,,
450,2022-12-12,Nashville Predators,,St. Louis Blues,,,,,
451,2022-12-13,New York Islanders,,Boston Bruins,,,,,
452,2022-12-13,Los Angeles Kings,,Buffalo Sabres,,,,,
453,2022-12-13,Washington Capitals,,Chicago Blackhawks,,,,,
454,2022-12-13,Philadelphia Flyers,,Colorado Avalanche,,,,,
455,2022-12-13,Carolina Hurricanes,,Detroit Red Wings,,,,,
456,2022-12-13,Columbus Blue Jackets,,Florida Panthers,,,,,
457,2022-12-13,Dallas Stars,,New Jersey Devils,,,,,
458,2022-12-13,Edmonton Oilers,,Nashville Predators,,,,,
459,2022-12-13,Arizona Coyotes,,San Jose Sharks,,,,,
460,2022-12-13,Seattle Kraken,,Tampa Bay Lightning,,,,,
461,2022-12-13,Anaheim Ducks,,Toronto Maple Leafs,,,,,
462,2022-12-13,Vegas Golden Knights,,Winnipeg Jets,,,,,
463,2022-12-14,Vancouver Canucks,,Calgary Flames,,,,,
464,2022-12-14,Detroit Red Wings,,Minnesota Wild,,,,,
465,2022-12-14,Montreal Canadiens,,Ottawa Senators,,,,,
466,2022-12-15,Los Angeles Kings,,Boston Bruins,,,,,
467,2022-12-15,Seattle Kraken,,Carolina Hurricanes,,,,,
468,2022-12-15,Vegas Golden Knights,,Chicago Blackhawks,,,,,
469,2022-12-15,Buffalo Sabres,,Colorado Avalanche,,,,,
470,2022-12-15,St. Louis Blues,,Edmonton Oilers,,,,,
471,2022-12-15,Pittsburgh Penguins,,Florida Panthers,,,,,
472,2022-12-15,Anaheim Ducks,,Montreal Canadiens,,,,,
473,2022-12-15,Philadelphia Flyers,,New Jersey Devils,,,,,
474,2022-12-15,Toronto Maple Leafs,,New York Rangers,,,,,
475,2022-12-15,Columbus Blue Jackets,,Tampa Bay Lightning,,,,,
476,2022-12-15,Nashville Predators,,Winnipeg Jets,,,,,
477,2022-12-15,Dallas Stars,,Washington Capitals,,,,,
478,2022-12-16,New York Islanders,,Arizona Coyotes,,,,,
479,2022-12-16,St. Louis Blues,,Calgary Flames,,,,,
480,2022-12-16,Chicago Blackhawks,,Minnesota Wild,,,,,
481,2022-12-17,Buffalo Sabres,,Arizona Coyotes,,,,,
482,2022-12-17,Columbus Blue Jackets,,Boston Bruins,,,,,
483,2022-12-17,Dallas Stars,,Carolina Hurricanes,,,,,
484,2022-12-17,Nashville Predators,,Colorado Avalanche,,,,,
485,2022-12-17,Ottawa Senators,,Detroit Red Wings,,,,,
486,2022-12-17,Anaheim Ducks,,Edmonton Oilers,,,,,
487,2022-12-17,San Jose Sharks,,Los Angeles Kings,,,,,
488,2022-12-17,Tampa Bay Lightning,,Montreal Canadiens,,,,,
489,2022-12-17,Florida Panthers,,New Jersey Devils,,,,,
490,2022-12-17,New York Rangers,,Philadelphia Flyers,,,,,
491,2022-12-17,Winnipeg Jets,,Vancouver Canucks,,,,,
492,2022-12-17,New York Islanders,,Vegas Golden Knights,,,,,
493,2022-12-17,Toronto Maple Leafs,,Washington Capitals,,,,,
494,2022-12-18,Pittsburgh Penguins,,Carolina Hurricanes,,,,,
495,2022-12-18,New York Rangers,,Chicago Blackhawks,,,,,
496,2022-12-18,Ottawa Senators,,Minnesota Wild,,,,,
497,2022-12-18,Winnipeg Jets,,Seattle Kraken,,,,,
498,2022-12-18,Calgary Flames,,San Jose Sharks,,,,,
499,2022-12-19,Montreal Canadiens,,Arizona Coyotes,,,,,
500,2022-12-19,Florida Panthers,,Boston Bruins,,,,,
501,2022-12-19,Dallas Stars,,Columbus Blue Jackets,,,,,
502,2022-12-19,New York Islanders,,Colorado Avalanche,,,,,
503,2022-12-19,Edmonton Oilers,,Nashville Predators,,,,,
504,2022-12-19,St. Louis Blues,,Vancouver Canucks,,,,,
505,2022-12-19,Buffalo Sabres,,Vegas Golden Knights,,,,,
506,2022-12-19,Detroit Red Wings,,Washington Capitals,,,,,
507,2022-12-20,New Jersey Devils,,Carolina Hurricanes,,,,,
508,2022-12-20,Anaheim Ducks,,Los Angeles Kings,,,,,
509,2022-12-20,Columbus Blue Jackets,,Philadelphia Flyers,,,,,
510,2022-12-20,New York Rangers,,Pittsburgh Penguins,,,,,
511,2022-12-20,St. Louis Blues,,Seattle Kraken,,,,,
512,2022-12-20,Calgary Flames,,San Jose Sharks,,,,,
513,2022-12-20,Tampa Bay Lightning,,Toronto Maple Leafs,,,,,
514,2022-12-20,Ottawa Senators,,Winnipeg Jets,,,,,
515,2022-12-21,Minnesota Wild,,Anaheim Ducks,,,,,
516,2022-12-21,Nashville Predators,,Chicago Blackhawks,,,,,
517,2022-12-21,Montreal Canadiens,,Colorado Avalanche,,,,,
518,2022-12-21,Edmonton Oilers,,Dallas Stars,,,,,
519,2022-12-21,Tampa Bay Lightning,,Detroit Red Wings,,,,,
520,2022-12-21,New Jersey Devils,,Florida Panthers,,,,,
521,2022-12-21,Arizona Coyotes,,Vegas Golden Knights,,,,,
522,2022-12-22,Winnipeg Jets,,Boston Bruins,,,,,
523,2022-12-22,Calgary Flames,,Los Angeles Kings,,,,,
524,2022-12-22,New York Islanders,,New York Rangers,,,,,
525,2022-12-22,Washington Capitals,,Ottawa Senators,,,,,
526,2022-12-22,Carolina Hurricanes,,Pittsburgh Penguins,,,,,
527,2022-12-22,Minnesota Wild,,San Jose Sharks,,,,,
528,2022-12-22,Philadelphia Flyers,,Toronto Maple Leafs,,,,,
529,2022-12-22,Seattle Kraken,,Vancouver Canucks,,,,,
530,2022-12-23,Calgary Flames,,Anaheim Ducks,,,,,
531,2022-12-23,Los Angeles Kings,,Arizona Coyotes,,,,,
532,2022-12-23,Tampa Bay Lightning,,Buffalo Sabres,,,,,
533,2022-12-23,Philadelphia Flyers,,Carolina Hurricanes,,,,,
534,2022-12-23,Columbus Blue Jackets,,Chicago Blackhawks,,,,,
535,2022-12-23,Montreal Canadiens,,Dallas Stars,,,,,
536,2022-12-23,Vancouver Canucks,,Edmonton Oilers,,,,,
537,2022-12-23,Boston Bruins,,New Jersey Devils,,,,,
538,2022-12-23,Colorado Avalanche,,Nashville Predators,,,,,
539,2022-12-23,Florida Panthers,,New York Islanders,,,,,
540,2022-12-23,Detroit Red Wings,,Ottawa Senators,,,,,
541,2022-12-23,St. Louis Blues,,Vegas Golden Knights,,,,,
542,2022-12-23,Winnipeg Jets,,Washington Capitals,,,,,
543,2022-12-27,Colorado Avalanche,,Arizona Coyotes,,,,,
544,2022-12-27,Chicago Blackhawks,,Carolina Hurricanes,,,,,
545,2022-12-27,Buffalo Sabres,,Columbus Blue Jackets,,,,,
546,2022-12-27,Edmonton Oilers,,Calgary Flames,,,,,
547,2022-12-27,Vegas Golden Knights,,Los Angeles Kings,,,,,
548,2022-12-27,Dallas Stars,,Nashville Predators,,,,,
549,2022-12-27,Pittsburgh Penguins,,New York Islanders,,,,,
550,2022-12-27,Washington Capitals,,New York Rangers,,,,,
551,2022-12-27,Boston Bruins,,Ottawa Senators,,,,,
552,2022-12-27,Toronto Maple Leafs,,St. Louis Blues,,,,,
553,2022-12-27,San Jose Sharks,,Vancouver Canucks,,,,,
554,2022-12-27,Minnesota Wild,,Winnipeg Jets,,,,,
555,2022-12-28,Vegas Golden Knights,,Anaheim Ducks,,,,,
556,2022-12-28,Boston Bruins,,New Jersey Devils,,,,,
557,2022-12-28,Detroit Red Wings,,Pittsburgh Penguins,,,,,
558,2022-12-28,Calgary Flames,,Seattle Kraken,,,,,
559,2022-12-28,Montreal Canadiens,,Tampa Bay Lightning,,,,,
560,2022-12-29,Toronto Maple Leafs,,Arizona Coyotes,,,,,
561,2022-12-29,Detroit Red Wings,,Buffalo Sabres,,,,,
562,2022-12-29,Los Angeles Kings,,Colorado Avalanche,,,,,
563,2022-12-29,Montreal Canadiens,,Florida Panthers,,,,,
564,2022-12-29,Dallas Stars,,Minnesota Wild,,,,,
565,2022-12-29,Columbus Blue Jackets,,New York Islanders,,,,,
566,2022-12-29,Philadelphia Flyers,,San Jose Sharks,,,,,
567,2022-12-29,Chicago Blackhawks,,St. Louis Blues,,,,,
568,2022-12-29,New York Rangers,,Tampa Bay Lightning,,,,,
569,2022-12-29,Vancouver Canucks,,Winnipeg Jets,,,,,
570,2022-12-29,Ottawa Senators,,Washington Capitals,,,,,
571,2022-12-30,Nashville Predators,,Anaheim Ducks,,,,,
572,2022-12-30,Florida Panthers,,Carolina Hurricanes,,,,,
573,2022-12-30,New Jersey Devils,,Pittsburgh Penguins,,,,,
574,2022-12-30,Edmonton Oilers,,Seattle Kraken,,,,,
575,2022-12-31,Buffalo Sabres,,Boston Bruins,,,,,
576,2022-12-31,Chicago Blackhawks,,Columbus Blue Jackets,,,,,
577,2022-12-31,Vancouver Canucks,,Calgary Flames,,,,,
578,2022-12-31,Toronto Maple Leafs,,Colorado Avalanche,,,,,
579,2022-12-31,San Jose Sharks,,Dallas Stars,,,,,
580,2022-12-31,Ottawa Senators,,Detroit Red Wings,,,,,
581,2022-12-31,Winnipeg Jets,,Edmonton Oilers,,,,,
582,2022-12-31,Philadelphia Flyers,,Los Angeles Kings,,,,,
583,2022-12-31,Minnesota Wild,,St. Louis Blues,,,,,
584,2022-12-31,Arizona Coyotes,,Tampa Bay Lightning,,,,,
585,2022-12-31,Nashville Predators,,Vegas Golden Knights,,,,,
586,2022-12-31,Montreal Canadiens,,Washington Capitals,,,,,
587,2023-01-01,San Jose Sharks,,Chicago Blackhawks,,,,,
588,2023-01-01,New York Rangers,,Florida Panthers,,,,,
589,2023-01-01,Carolina Hurricanes,,New Jersey Devils,,,,,
590,2023-01-01,Buffalo Sabres,,Ottawa Senators,,,,,
591,2023-01-01,New York Islanders,,Seattle Kraken,,,,,
592,2023-01-02,Philadelphia Flyers,,Anaheim Ducks,,,,,
593,2023-01-02,Pittsburgh Penguins,,Boston Bruins,,,,,"at Fenway Park (Boston, MA)"
594,2023-01-02,Vegas Golden Knights,,Colorado Avalanche,,,,,
595,2023-01-03,Tampa Bay Lightning,,Chicago Blackhawks,,,,,
596,2023-01-03,Seattle Kraken,,Edmonton Oilers,,,,,
597,2023-01-03,Arizona Coyotes,,Florida Panthers,,,,,
598,2023-01-03,Dallas Stars,,Los Angeles Kings,,,,,
599,2023-01-03,Montreal Canadiens,,Nashville Predators,,,,,
600,2023-01-03,Carolina Hurricanes,,New York Rangers,,,,,
601,2023-01-03,Columbus Blue Jackets,,Ottawa Senators,,,,,
602,2023-01-03,St. Louis Blues,,Toronto Maple Leafs,,,,,
603,2023-01-03,New York Islanders,,Vancouver Canucks,,,,,
604,2023-01-03,Calgary Flames,,Winnipeg Jets,,,,,
605,2023-01-03,Buffalo Sabres,,Washington Capitals,,,,,
606,2023-01-04,Dallas Stars,,Anaheim Ducks,,,,,
607,2023-01-04,New Jersey Devils,,Detroit Red Wings,,,,,
608,2023-01-04,Tampa Bay Lightning,,Minnesota Wild,,,,,
609,2023-01-05,Nashville Predators,,Carolina Hurricanes,,,,,
610,2023-01-05,Washington Capitals,,Columbus Blue Jackets,,,,,
611,2023-01-05,New York Islanders,,Edmonton Oilers,,,,,
612,2023-01-05,Boston Bruins,,Los Angeles Kings,,,,,
613,2023-01-05,New York Rangers,,Montreal Canadiens,,,,,
614,2023-01-05,St. Louis Blues,,New Jersey Devils,,,,,
615,2023-01-05,Arizona Coyotes,,Philadelphia Flyers,,,,,
616,2023-01-05,Seattle Kraken,,Toronto Maple Leafs,,,,,
617,2023-01-05,Colorado Avalanche,,Vancouver Canucks,,,,,
618,2023-01-05,Pittsburgh Penguins,,Vegas Golden Knights,,,,,
619,2023-01-06,San Jose Sharks,,Anaheim Ducks,,,,,
620,2023-01-06,New York Islanders,,Calgary Flames,,,,,
621,2023-01-06,Arizona Coyotes,,Chicago Blackhawks,,,,,
622,2023-01-06,Florida Panthers,,Detroit Red Wings,,,,,
623,2023-01-06,Tampa Bay Lightning,,Winnipeg Jets,,,,,
624,2023-01-06,Nashville Predators,,Washington Capitals,,,,,
625,2023-01-07,Minnesota Wild,,Buffalo Sabres,,,,,
626,2023-01-07,Carolina Hurricanes,,Columbus Blue Jackets,,,,,
627,2023-01-07,Colorado Avalanche,,Edmonton Oilers,,,,,
628,2023-01-07,St. Louis Blues,,Montreal Canadiens,,,,,
629,2023-01-07,New York Rangers,,New Jersey Devils,,,,,
630,2023-01-07,Seattle Kraken,,Ottawa Senators,,,,,
631,2023-01-07,Boston Bruins,,San Jose Sharks,,,,,
632,2023-01-07,Detroit Red Wings,,Toronto Maple Leafs,,,,,
633,2023-01-07,Los Angeles Kings,,Vegas Golden Knights,,,,,
634,2023-01-08,Boston Bruins,,Anaheim Ducks,,,,,
635,2023-01-08,Pittsburgh Penguins,,Arizona Coyotes,,,,,
636,2023-01-08,Calgary Flames,,Chicago Blackhawks,,,,,
637,2023-01-08,Florida Panthers,,Dallas Stars,,,,,
638,2023-01-08,St. Louis Blues,,Minnesota Wild,,,,,
639,2023-01-08,Toronto Maple Leafs,,Philadelphia Flyers,,,,,
640,2023-01-08,Vancouver Canucks,,Winnipeg Jets,,,,,
641,2023-01-08,Columbus Blue Jackets,,Washington Capitals,,,,,
642,2023-01-09,Edmonton Oilers,,Los Angeles Kings,,,,,
643,2023-01-09,Seattle Kraken,,Montreal Canadiens,,,,,
644,2023-01-09,Nashville Predators,,Ottawa Senators,,,,,
645,2023-01-10,San Jose Sharks,,Arizona Coyotes,,,,,
646,2023-01-10,Seattle Kraken,,Buffalo Sabres,,,,,
647,2023-01-10,New Jersey Devils,,Carolina Hurricanes,,,,,
648,2023-01-10,Florida Panthers,,Colorado Avalanche,,,,,
649,2023-01-10,Winnipeg Jets,,Detroit Red Wings,,,,,
650,2023-01-10,Dallas Stars,,New York Islanders,,,,,
651,2023-01-10,Minnesota Wild,,New York Rangers,,,,,
652,2023-01-10,Vancouver Canucks,,Pittsburgh Penguins,,,,,
653,2023-01-10,Calgary Flames,,St. Louis Blues,,,,,
654,2023-01-10,Columbus Blue Jackets,,Tampa Bay Lightning,,,,,
655,2023-01-11,Edmonton Oilers,,Anaheim Ducks,,,,,
656,2023-01-11,San Jose Sharks,,Los Angeles Kings,,,,,
657,2023-01-11,Washington Capitals,,Philadelphia Flyers,,,,,
658,2023-01-11,Nashville Predators,,Toronto Maple Leafs,,,,,
659,2023-01-12,Ottawa Senators,,Arizona Coyotes,,,,,
660,2023-01-12,Seattle Kraken,,Boston Bruins,,,,,
661,2023-01-12,Winnipeg Jets,,Buffalo Sabres,,,,,
662,2023-01-12,Carolina Hurricanes,,Columbus Blue Jackets,,,,,
663,2023-01-12,Colorado Avalanche,,Chicago Blackhawks,,,,,
664,2023-01-12,Toronto Maple Leafs,,Detroit Red Wings,,,,,
665,2023-01-12,Nashville Predators,,Montreal Canadiens,,,,,
666,2023-01-12,Minnesota Wild,,New York Islanders,,,,,
667,2023-01-12,Dallas Stars,,New York Rangers,,,,,
668,2023-01-12,Calgary Flames,,St. Louis Blues,,,,,
669,2023-01-12,Vancouver Canucks,,Tampa Bay Lightning,,,,,
670,2023-01-12,Florida Panthers,,Vegas Golden Knights,,,,,
671,2023-01-13,New Jersey Devils,,Anaheim Ducks,,,,,
672,2023-01-13,Winnipeg Jets,,Pittsburgh Penguins,,,,,
673,2023-01-13,Edmonton Oilers,,San Jose Sharks,,,,,
674,2023-01-14,Toronto Maple Leafs,,Boston Bruins,,,,,
675,2023-01-14,Pittsburgh Penguins,,Carolina Hurricanes,,,,,
676,2023-01-14,Seattle Kraken,,Chicago Blackhawks,,,,,
677,2023-01-14,Ottawa Senators,,Colorado Avalanche,,,,,
678,2023-01-14,Calgary Flames,,Dallas Stars,,,,,
679,2023-01-14,Columbus Blue Jackets,,Detroit Red Wings,,,,,
680,2023-01-14,Vancouver Canucks,,Florida Panthers,,,,,
681,2023-01-14,New Jersey Devils,,Los Angeles Kings,,,,,
682,2023-01-14,Arizona Coyotes,,Minnesota Wild,,,,,
683,2023-01-14,Buffalo Sabres,,Nashville Predators,,,,,
684,2023-01-14,Montreal Canadiens,,New York Islanders,,,,,
685,2023-01-14,Tampa Bay Lightning,,St. Louis Blues,,,,,
686,2023-01-14,Edmonton Oilers,,Vegas Golden Knights,,,,,
687,2023-01-14,Philadelphia Flyers,,Washington Capitals,,,,,
688,2023-01-15,Vancouver Canucks,,Carolina Hurricanes,,,,,
689,2023-01-15,Montreal Canadiens,,New York Rangers,,,,,
690,2023-01-15,Arizona Coyotes,,Winnipeg Jets,,,,,
691,2023-01-16,Philadelphia Flyers,,Boston Bruins,,,,,
692,2023-01-16,Florida Panthers,,Buffalo Sabres,,,,,
693,2023-01-16,New York Rangers,,Columbus Blue Jackets,,,,,
694,2023-01-16,Detroit Red Wings,,Colorado Avalanche,,,,,
695,2023-01-16,Calgary Flames,,Nashville Predators,,,,,
696,2023-01-16,Washington Capitals,,New York Islanders,,,,,
697,2023-01-16,Anaheim Ducks,,Pittsburgh Penguins,,,,,
698,2023-01-16,Tampa Bay Lightning,,Seattle Kraken,,,,,
699,2023-01-16,New Jersey Devils,,San Jose Sharks,,,,,
700,2023-01-16,Ottawa Senators,,St. Louis Blues,,,,,
701,2023-01-16,Dallas Stars,,Vegas Golden Knights,,,,,
702,2023-01-17,Detroit Red Wings,,Arizona Coyotes,,,,,
703,2023-01-17,Buffalo Sabres,,Chicago Blackhawks,,,,,
704,2023-01-17,Seattle Kraken,,Edmonton Oilers,,,,,
705,2023-01-17,Winnipeg Jets,,Montreal Canadiens,,,,,
706,2023-01-17,Anaheim Ducks,,Philadelphia Flyers,,,,,
707,2023-01-17,Florida Panthers,,Toronto Maple Leafs,,,,,
708,2023-01-17,Minnesota Wild,,Washington Capitals,,,,,
709,2023-01-18,Colorado Avalanche,,Calgary Flames,,,,,
710,2023-01-18,Boston Bruins,,New York Islanders,,,,,
711,2023-01-18,Pittsburgh Penguins,,Ottawa Senators,,,,,
712,2023-01-18,Dallas Stars,,San Jose Sharks,,,,,
713,2023-01-18,Tampa Bay Lightning,,Vancouver Canucks,,,,,
714,2023-01-19,Washington Capitals,,Arizona Coyotes,,,,,
715,2023-01-19,New York Islanders,,Buffalo Sabres,,,,,
716,2023-01-19,Minnesota Wild,,Carolina Hurricanes,,,,,
717,2023-01-19,Anaheim Ducks,,Columbus Blue Jackets,,,,,
718,2023-01-19,Tampa Bay Lightning,,Edmonton Oilers,,,,,
719,2023-01-19,Dallas Stars,,Los Angeles Kings,,,,,
720,2023-01-19,Florida Panthers,,Montreal Canadiens,,,,,
721,2023-01-19,Boston Bruins,,New York Rangers,,,,,
722,2023-01-19,Chicago Blackhawks,,Philadelphia Flyers,,,,,
723,2023-01-19,New Jersey Devils,,Seattle Kraken,,,,,
724,2023-01-19,Nashville Predators,,St. Louis Blues,,,,,
725,2023-01-19,Winnipeg Jets,,Toronto Maple Leafs,,,,,
726,2023-01-19,Detroit Red Wings,,Vegas Golden Knights,,,,,
727,2023-01-20,Ottawa Senators,,Pittsburgh Penguins,,,,,
728,2023-01-20,Colorado Avalanche,,Vancouver Canucks,,,,,
729,2023-01-21,Anaheim Ducks,,Buffalo Sabres,,,,,
730,2023-01-21,San Jose Sharks,,Columbus Blue Jackets,,,,,
731,2023-01-21,Tampa Bay Lightning,,Calgary Flames,,,,,
732,2023-01-21,Arizona Coyotes,,Dallas Stars,,,,,
733,2023-01-21,Philadelphia Flyers,,Detroit Red Wings,,,,,
734,2023-01-21,Minnesota Wild,,Florida Panthers,,,,,
735,2023-01-21,Toronto Maple Leafs,,Montreal Canadiens,,,,,
736,2023-01-21,Los Angeles Kings,,Nashville Predators,,,,,
737,2023-01-21,Carolina Hurricanes,,New York Islanders,,,,,
738,2023-01-21,Winnipeg Jets,,Ottawa Senators,,,,,
739,2023-01-21,Colorado Avalanche,,Seattle Kraken,,,,,
740,2023-01-21,Chicago Blackhawks,,St. Louis Blues,,,,,
741,2023-01-21,Edmonton Oilers,,Vancouver Canucks,,,,,
742,2023-01-21,Washington Capitals,,Vegas Golden Knights,,,,,
743,2023-01-22,Vegas Golden Knights,,Arizona Coyotes,,,,,
744,2023-01-22,San Jose Sharks,,Boston Bruins,,,,,
745,2023-01-22,Los Angeles Kings,,Chicago Blackhawks,,,,,
746,2023-01-22,Pittsburgh Penguins,,New Jersey Devils,,,,,
747,2023-01-22,Winnipeg Jets,,Philadelphia Flyers,,,,,
748,2023-01-23,Columbus Blue Jackets,,Calgary Flames,,,,,
749,2023-01-23,Buffalo Sabres,,Dallas Stars,,,,,
750,2023-01-23,Florida Panthers,,New York Rangers,,,,,
751,2023-01-23,New York Islanders,,Toronto Maple Leafs,,,,,
752,2023-01-24,Anaheim Ducks,,Arizona Coyotes,,,,,
753,2023-01-24,Washington Capitals,,Colorado Avalanche,,,,,
754,2023-01-24,San Jose Sharks,,Detroit Red Wings,,,,,
755,2023-01-24,Boston Bruins,,Montreal Canadiens,,,,,
756,2023-01-24,Vegas Golden Knights,,New Jersey Devils,,,,,
757,2023-01-24,Winnipeg Jets,,Nashville Predators,,,,,
758,2023-01-24,Los Angeles Kings,,Philadelphia Flyers,,,,,
759,2023-01-24,Florida Panthers,,Pittsburgh Penguins,,,,,
760,2023-01-24,Buffalo Sabres,,St. Louis Blues,,,,,
761,2023-01-24,Minnesota Wild,,Tampa Bay Lightning,,,,,
762,2023-01-24,Chicago Blackhawks,,Vancouver Canucks,,,,,
763,2023-01-25,Carolina Hurricanes,,Dallas Stars,,,,,
764,2023-01-25,Columbus Blue Jackets,,Edmonton Oilers,,,,,
765,2023-01-25,New York Islanders,,Ottawa Senators,,,,,
766,2023-01-25,Vancouver Canucks,,Seattle Kraken,,,,,
767,2023-01-25,New York Rangers,,Toronto Maple Leafs,,,,,
768,2023-01-26,St. Louis Blues,,Arizona Coyotes,,,,,
769,2023-01-26,Chicago Blackhawks,,Calgary Flames,,,,,
770,2023-01-26,Anaheim Ducks,,Colorado Avalanche,,,,,
771,2023-01-26,Philadelphia Flyers,,Minnesota Wild,,,,,
772,2023-01-26,Detroit Red Wings,,Montreal Canadiens,,,,,
773,2023-01-26,New Jersey Devils,,Nashville Predators,,,,,
774,2023-01-26,Boston Bruins,,Tampa Bay Lightning,,,,,
775,2023-01-26,Buffalo Sabres,,Winnipeg Jets,,,,,
776,2023-01-26,Pittsburgh Penguins,,Washington Capitals,,,,,
777,2023-01-27,San Jose Sharks,,Carolina Hurricanes,,,,,
778,2023-01-27,New Jersey Devils,,Dallas Stars,,,,,
779,2023-01-27,Los Angeles Kings,,Florida Panthers,,,,,
780,2023-01-27,Detroit Red Wings,,New York Islanders,,,,,
781,2023-01-27,Vegas Golden Knights,,New York Rangers,,,,,
782,2023-01-27,Calgary Flames,,Seattle Kraken,,,,,
783,2023-01-27,Ottawa Senators,,Toronto Maple Leafs,,,,,
784,2023-01-27,Columbus Blue Jackets,,Vancouver Canucks,,,,,
785,2023-01-28,Arizona Coyotes,,Anaheim Ducks,,,,,
786,2023-01-28,St. Louis Blues,,Colorado Avalanche,,,,,
787,2023-01-28,Chicago Blackhawks,,Edmonton Oilers,,,,,
788,2023-01-28,Boston Bruins,,Florida Panthers,,,,,
789,2023-01-28,Buffalo Sabres,,Minnesota Wild,,,,,
790,2023-01-28,Vegas Golden Knights,,New York Islanders,,,,,
791,2023-01-28,Montreal Canadiens,,Ottawa Senators,,,,,
792,2023-01-28,San Jose Sharks,,Pittsburgh Penguins,,,,,
793,2023-01-28,Columbus Blue Jackets,,Seattle Kraken,,,,,
794,2023-01-28,Los Angeles Kings,,Tampa Bay Lightning,,,,,
795,2023-01-28,Philadelphia Flyers,,Winnipeg Jets,,,,,
796,2023-01-29,Boston Bruins,,Carolina Hurricanes,,,,,
797,2023-01-29,Washington Capitals,,Toronto Maple Leafs,,,,,
798,2023-01-30,St. Louis Blues,,Winnipeg Jets,,,,,
799,2023-01-31,Los Angeles Kings,,Carolina Hurricanes,,,,,
800,2023-01-31,Washington Capitals,,Columbus Blue Jackets,,,,,
801,2023-01-31,Ottawa Senators,,Montreal Canadiens,,,,,
802,2023-02-01,Carolina Hurricanes,,Buffalo Sabres,,,,,
803,2023-02-01,Boston Bruins,,Toronto Maple Leafs,,,,,
804,2023-02-06,Minnesota Wild,,Arizona Coyotes,,,,,
805,2023-02-06,Anaheim Ducks,,Dallas Stars,,,,,
806,2023-02-06,Tampa Bay Lightning,,Florida Panthers,,,,,
807,2023-02-06,Vancouver Canucks,,New Jersey Devils,,,,,
808,2023-02-06,Calgary Flames,,New York Rangers,,,,,
809,2023-02-06,New York Islanders,,Philadelphia Flyers,,,,,
810,2023-02-07,Anaheim Ducks,,Chicago Blackhawks,,,,,
811,2023-02-07,Edmonton Oilers,,Detroit Red Wings,,,,,
812,2023-02-07,Vegas Golden Knights,,Nashville Predators,,,,,
813,2023-02-07,Seattle Kraken,,New York Islanders,,,,,
814,2023-02-07,Colorado Avalanche,,Pittsburgh Penguins,,,,,
815,2023-02-07,San Jose Sharks,,Tampa Bay Lightning,,,,,
816,2023-02-08,Minnesota Wild,,Dallas Stars,,,,,
817,2023-02-08,Vancouver Canucks,,New York Rangers,,,,,
818,2023-02-09,Calgary Flames,,Detroit Red Wings,,,,,
819,2023-02-09,San Jose Sharks,,Florida Panthers,,,,,
820,2023-02-09,Vegas Golden Knights,,Minnesota Wild,,,,,
821,2023-02-09,Seattle Kraken,,New Jersey Devils,,,,,
822,2023-02-09,Vancouver Canucks,,New York Islanders,,,,,
823,2023-02-09,Edmonton Oilers,,Philadelphia Flyers,,,,,
824,2023-02-09,Colorado Avalanche,,Tampa Bay Lightning,,,,,
825,2023-02-10,Pittsburgh Penguins,,Anaheim Ducks,,,,,
826,2023-02-10,Toronto Maple Leafs,,Columbus Blue Jackets,,,,,
827,2023-02-10,Arizona Coyotes,,Chicago Blackhawks,,,,,
828,2023-02-10,Seattle Kraken,,New York Rangers,,,,,
829,2023-02-11,Washington Capitals,,Boston Bruins,,,,,
830,2023-02-11,Calgary Flames,,Buffalo Sabres,,,,,
831,2023-02-11,New York Rangers,,Carolina Hurricanes,,,,,
832,2023-02-11,Tampa Bay Lightning,,Dallas Stars,,,,,
833,2023-02-11,Vancouver Canucks,,Detroit Red Wings,,,,,
834,2023-02-11,Colorado Avalanche,,Florida Panthers,,,,,
835,2023-02-11,Pittsburgh Penguins,,Los Angeles Kings,,,,,
836,2023-02-11,New Jersey Devils,,Minnesota Wild,,,,,
837,2023-02-11,New York Islanders,,Montreal Canadiens,,,,,
838,2023-02-11,Edmonton Oilers,,Ottawa Senators,,,,,
839,2023-02-11,Nashville Predators,,Philadelphia Flyers,,,,,
840,2023-02-11,Arizona Coyotes,,St. Louis Blues,,,,,
841,2023-02-11,Columbus Blue Jackets,,Toronto Maple Leafs,,,,,
842,2023-02-11,Chicago Blackhawks,,Winnipeg Jets,,,,,
843,2023-02-12,Edmonton Oilers,,Montreal Canadiens,,,,,
844,2023-02-12,Seattle Kraken,,Philadelphia Flyers,,,,,
845,2023-02-12,Anaheim Ducks,,Vegas Golden Knights,,,,,
846,2023-02-12,San Jose Sharks,,Washington Capitals,,,,,
847,2023-02-13,Buffalo Sabres,,Los Angeles Kings,,,,,
848,2023-02-13,Florida Panthers,,Minnesota Wild,,,,,
849,2023-02-13,Arizona Coyotes,,Nashville Predators,,,,,
850,2023-02-13,Calgary Flames,,Ottawa Senators,,,,,
851,2023-02-13,Detroit Red Wings,,Vancouver Canucks,,,,,
852,2023-02-14,New Jersey Devils,,Columbus Blue Jackets,,,,,
853,2023-02-14,Tampa Bay Lightning,,Colorado Avalanche,,,,,
854,2023-02-14,Boston Bruins,,Dallas Stars,,,,,
855,2023-02-14,Chicago Blackhawks,,Montreal Canadiens,,,,,
856,2023-02-14,Ottawa Senators,,New York Islanders,,,,,
857,2023-02-14,Pittsburgh Penguins,,San Jose Sharks,,,,,
858,2023-02-14,Florida Panthers,,St. Louis Blues,,,,,
859,2023-02-14,Seattle Kraken,,Winnipeg Jets,,,,,
860,2023-02-14,Carolina Hurricanes,,Washington Capitals,,,,,
861,2023-02-15,Buffalo Sabres,,Anaheim Ducks,,,,,
862,2023-02-15,Tampa Bay Lightning,,Arizona Coyotes,,,,,
863,2023-02-15,Detroit Red Wings,,Edmonton Oilers,,,,,
864,2023-02-15,Colorado Avalanche,,Minnesota Wild,,,,,
865,2023-02-15,Chicago Blackhawks,,Toronto Maple Leafs,,,,,
866,2023-02-15,New York Rangers,,Vancouver Canucks,,,,,
867,2023-02-16,Montreal Canadiens,,Carolina Hurricanes,,,,,
868,2023-02-16,Winnipeg Jets,,Columbus Blue Jackets,,,,,
869,2023-02-16,Detroit Red Wings,,Calgary Flames,,,,,
870,2023-02-16,Boston Bruins,,Nashville Predators,,,,,
871,2023-02-16,Philadelphia Flyers,,Seattle Kraken,,,,,
872,2023-02-16,New Jersey Devils,,St. Louis Blues,,,,,
873,2023-02-16,San Jose Sharks,,Vegas Golden Knights,,,,,
874,2023-02-16,Florida Panthers,,Washington Capitals,,,,,
875,2023-02-17,Los Angeles Kings,,Anaheim Ducks,,,,,
876,2023-02-17,New York Rangers,,Edmonton Oilers,,,,,
877,2023-02-17,Dallas Stars,,Minnesota Wild,,,,,
878,2023-02-17,Pittsburgh Penguins,,New York Islanders,,,,,
879,2023-02-17,Chicago Blackhawks,,Ottawa Senators,,,,,
880,2023-02-18,New York Islanders,,Boston Bruins,,,,,
881,2023-02-18,Washington Capitals,,Carolina Hurricanes,,,,,"at Carter-Finley Stadium (Raleigh, NC)"
882,2023-02-18,New York Rangers,,Calgary Flames,,,,,
883,2023-02-18,Columbus Blue Jackets,,Dallas Stars,,,,,
884,2023-02-18,Arizona Coyotes,,Los Angeles Kings,,,,,
885,2023-02-18,Florida Panthers,,Nashville Predators,,,,,
886,2023-02-18,New Jersey Devils,,Pittsburgh Penguins,,,,,
887,2023-02-18,Detroit Red Wings,,Seattle Kraken,,,,,
888,2023-02-18,Buffalo Sabres,,San Jose Sharks,,,,,
889,2023-02-18,Colorado Avalanche,,St. Louis Blues,,,,,
890,2023-02-18,Montreal Canadiens,,Toronto Maple Leafs,,,,,
891,2023-02-18,Philadelphia Flyers,,Vancouver Canucks,,,,,
892,2023-02-18,Tampa Bay Lightning,,Vegas Golden Knights,,,,,
893,2023-02-19,Columbus Blue Jackets,,Arizona Coyotes,,,,,
894,2023-02-19,Toronto Maple Leafs,,Chicago Blackhawks,,,,,
895,2023-02-19,Edmonton Oilers,,Colorado Avalanche,,,,,
896,2023-02-19,Nashville Predators,,Minnesota Wild,,,,,
897,2023-02-19,Winnipeg Jets,,New Jersey Devils,,,,,
898,2023-02-19,St. Louis Blues,,Ottawa Senators,,,,,
899,2023-02-20,Ottawa Senators,,Boston Bruins,,,,,
900,2023-02-20,Philadelphia Flyers,,Calgary Flames,,,,,
901,2023-02-20,Anaheim Ducks,,Florida Panthers,,,,,
902,2023-02-20,Winnipeg Jets,,New York Rangers,,,,,
903,2023-02-20,New York Islanders,,Pittsburgh Penguins,,,,,
904,2023-02-20,Seattle Kraken,,San Jose Sharks,,,,,
905,2023-02-21,Toronto Maple Leafs,,Buffalo Sabres,,,,,
906,2023-02-21,St. Louis Blues,,Carolina Hurricanes,,,,,
907,2023-02-21,Vegas Golden Knights,,Chicago Blackhawks,,,,,
908,2023-02-21,Philadelphia Flyers,,Edmonton Oilers,,,,,
909,2023-02-21,Los Angeles Kings,,Minnesota Wild,,,,,
910,2023-02-21,Montreal Canadiens,,New Jersey Devils,,,,,
911,2023-02-21,Vancouver Canucks,,Nashville Predators,,,,,
912,2023-02-21,Anaheim Ducks,,Tampa Bay Lightning,,,,,
913,2023-02-21,Detroit Red Wings,,Washington Capitals,,,,,
914,2023-02-22,Calgary Flames,,Arizona Coyotes,,,,,
915,2023-02-22,Chicago Blackhawks,,Dallas Stars,,,,,
916,2023-02-22,Winnipeg Jets,,New York Islanders,,,,,
917,2023-02-23,Minnesota Wild,,Columbus Blue Jackets,,,,,
918,2023-02-23,New York Rangers,,Detroit Red Wings,,,,,
919,2023-02-23,Los Angeles Kings,,New Jersey Devils,,,,,
920,2023-02-23,Edmonton Oilers,,Pittsburgh Penguins,,,,,
921,2023-02-23,Boston Bruins,,Seattle Kraken,,,,,
922,2023-02-23,Nashville Predators,,San Jose Sharks,,,,,
923,2023-02-23,Vancouver Canucks,,St. Louis Blues,,,,,
924,2023-02-23,Buffalo Sabres,,Tampa Bay Lightning,,,,,
925,2023-02-23,Calgary Flames,,Vegas Golden Knights,,,,,
926,2023-02-23,Anaheim Ducks,,Washington Capitals,,,,,
927,2023-02-24,Ottawa Senators,,Carolina Hurricanes,,,,,
928,2023-02-24,Buffalo Sabres,,Florida Panthers,,,,,
929,2023-02-24,Los Angeles Kings,,New York Islanders,,,,,
930,2023-02-24,Montreal Canadiens,,Philadelphia Flyers,,,,,
931,2023-02-24,Minnesota Wild,,Toronto Maple Leafs,,,,,
932,2023-02-24,Colorado Avalanche,,Winnipeg Jets,,,,,
933,2023-02-25,Anaheim Ducks,,Carolina Hurricanes,,,,,
934,2023-02-25,Edmonton Oilers,,Columbus Blue Jackets,,,,,
935,2023-02-25,Calgary Flames,,Colorado Avalanche,,,,,
936,2023-02-25,Tampa Bay Lightning,,Detroit Red Wings,,,,,
937,2023-02-25,Ottawa Senators,,Montreal Canadiens,,,,,
938,2023-02-25,Philadelphia Flyers,,New Jersey Devils,,,,,
939,2023-02-25,Chicago Blackhawks,,San Jose Sharks,,,,,
940,2023-02-25,Pittsburgh Penguins,,St. Louis Blues,,,,,
941,2023-02-25,Boston Bruins,,Vancouver Canucks,,,,,
942,2023-02-25,Dallas Stars,,Vegas Golden Knights,,,,,
943,2023-02-25,New York Rangers,,Washington Capitals,,,,,
944,2023-02-26,Nashville Predators,,Arizona Coyotes,,,,,
945,2023-02-26,Washington Capitals,,Buffalo Sabres,,,,,
946,2023-02-26,Columbus Blue Jackets,,Minnesota Wild,,,,,
947,2023-02-26,Los Angeles Kings,,New York Rangers,,,,,
948,2023-02-26,Tampa Bay Lightning,,Pittsburgh Penguins,,,,,
949,2023-02-26,Toronto Maple Leafs,,Seattle Kraken,,,,,
950,2023-02-26,New York Islanders,,Winnipeg Jets,,,,,
951,2023-02-27,Chicago Blackhawks,,Anaheim Ducks,,,,,
952,2023-02-27,Vegas Golden Knights,,Colorado Avalanche,,,,,
953,2023-02-27,Vancouver Canucks,,Dallas Stars,,,,,
954,2023-02-27,Boston Bruins,,Edmonton Oilers,,,,,
955,2023-02-28,Chicago Blackhawks,,Arizona Coyotes,,,,,
956,2023-02-28,Columbus Blue Jackets,,Buffalo Sabres,,,,,
957,2023-02-28,Boston Bruins,,Calgary Flames,,,,,
958,2023-02-28,New York Islanders,,Minnesota Wild,,,,,
959,2023-02-28,Pittsburgh Penguins,,Nashville Predators,,,,,
960,2023-02-28,Detroit Red Wings,,Ottawa Senators,,,,,
961,2023-02-28,Montreal Canadiens,,San Jose Sharks,,,,,
962,2023-02-28,Seattle Kraken,,St. Louis Blues,,,,,
963,2023-02-28,Florida Panthers,,Tampa Bay Lightning,,,,,
964,2023-02-28,Los Angeles Kings,,Winnipeg Jets,,,,,
965,2023-03-01,Washington Capitals,,Anaheim Ducks,,,,,
966,2023-03-01,New Jersey Devils,,Colorado Avalanche,,,,,
967,2023-03-01,Arizona Coyotes,,Dallas Stars,,,,,
968,2023-03-01,Toronto Maple Leafs,,Edmonton Oilers,,,,,
969,2023-03-01,New York Rangers,,Philadelphia Flyers,,,,,
970,2023-03-01,Carolina Hurricanes,,Vegas Golden Knights,,,,,
971,2023-03-02,Buffalo Sabres,,Boston Bruins,,,,,
972,2023-03-02,Toronto Maple Leafs,,Calgary Flames,,,,,
973,2023-03-02,Dallas Stars,,Chicago Blackhawks,,,,,
974,2023-03-02,Seattle Kraken,,Detroit Red Wings,,,,,
975,2023-03-02,Nashville Predators,,Florida Panthers,,,,,
976,2023-03-02,Montreal Canadiens,,Los Angeles Kings,,,,,
977,2023-03-02,Ottawa Senators,,New York Rangers,,,,,
978,2023-03-02,St. Louis Blues,,San Jose Sharks,,,,,
979,2023-03-02,Pittsburgh Penguins,,Tampa Bay Lightning,,,,,
980,2023-03-02,Minnesota Wild,,Vancouver Canucks,,,,,
981,2023-03-03,Montreal Canadiens,,Anaheim Ducks,,,,,
982,2023-03-03,Carolina Hurricanes,,Arizona Coyotes,,,,,
983,2023-03-03,Seattle Kraken,,Columbus Blue Jackets,,,,,
984,2023-03-03,Winnipeg Jets,,Edmonton Oilers,,,,,
985,2023-03-03,New Jersey Devils,,Vegas Golden Knights,,,,,
986,2023-03-04,New York Rangers,,Boston Bruins,,,,,
987,2023-03-04,Philadelphia Flyers,,Buffalo Sabres,,,,,
988,2023-03-04,Minnesota Wild,,Calgary Flames,,,,,
989,2023-03-04,Nashville Predators,,Chicago Blackhawks,,,,,
990,2023-03-04,Colorado Avalanche,,Dallas Stars,,,,,
991,2023-03-04,Pittsburgh Penguins,,Florida Panthers,,,,,
992,2023-03-04,St. Louis Blues,,Los Angeles Kings,,,,,
993,2023-03-04,Detroit Red Wings,,New York Islanders,,,,,
994,2023-03-04,Columbus Blue Jackets,,Ottawa Senators,,,,,
995,2023-03-04,Washington Capitals,,San Jose Sharks,,,,,
996,2023-03-04,Toronto Maple Leafs,,Vancouver Canucks,,,,,
997,2023-03-04,Edmonton Oilers,,Winnipeg Jets,,,,,
998,2023-03-05,New Jersey Devils,,Arizona Coyotes,,,,,
999,2023-03-05,Tampa Bay Lightning,,Carolina Hurricanes,,,,,
1000,2023-03-05,Seattle Kraken,,Colorado Avalanche,,,,,
1001,2023-03-05,Detroit Red Wings,,Philadelphia Flyers,,,,,
1002,2023-03-05,Montreal Canadiens,,Vegas Golden Knights,,,,,
1003,2023-03-06,Edmonton Oilers,,Buffalo Sabres,,,,,
1004,2023-03-06,Ottawa Senators,,Chicago Blackhawks,,,,,
1005,2023-03-06,Calgary Flames,,Dallas Stars,,,,,
1006,2023-03-06,Washington Capitals,,Los Angeles Kings,,,,,
1007,2023-03-06,Nashville Predators,,Vancouver Canucks,,,,,
1008,2023-03-06,San Jose Sharks,,Winnipeg Jets,,,,,
1009,2023-03-07,St. Louis Blues,,Arizona Coyotes,,,,,
1010,2023-03-07,San Jose Sharks,,Colorado Avalanche,,,,,
1011,2023-03-07,Vegas Golden Knights,,Florida Panthers,,,,,
1012,2023-03-07,Calgary Flames,,Minnesota Wild,,,,,
1013,2023-03-07,Carolina Hurricanes,,Montreal Canadiens,,,,,
1014,2023-03-07,Toronto Maple Leafs,,New Jersey Devils,,,,,
1015,2023-03-07,Buffalo Sabres,,New York Islanders,,,,,
1016,2023-03-07,Columbus Blue Jackets,,Pittsburgh Penguins,,,,,
1017,2023-03-07,Anaheim Ducks,,Seattle Kraken,,,,,
1018,2023-03-07,Philadelphia Flyers,,Tampa Bay Lightning,,,,,
1019,2023-03-08,Chicago Blackhawks,,Detroit Red Wings,,,,,
1020,2023-03-08,Anaheim Ducks,,Vancouver Canucks,,,,,
1021,2023-03-08,Minnesota Wild,,Winnipeg Jets,,,,,
1022,2023-03-09,Nashville Predators,,Arizona Coyotes,,,,,
1023,2023-03-09,Edmonton Oilers,,Boston Bruins,,,,,
1024,2023-03-09,Dallas Stars,,Buffalo Sabres,,,,,
1025,2023-03-09,Philadelphia Flyers,,Carolina Hurricanes,,,,,
1026,2023-03-09,Los Angeles Kings,,Colorado Avalanche,,,,,
1027,2023-03-09,New York Rangers,,Montreal Canadiens,,,,,
1028,2023-03-09,New York Islanders,,Pittsburgh Penguins,,,,,
1029,2023-03-09,Ottawa Senators,,Seattle Kraken,,,,,
1030,2023-03-09,San Jose Sharks,,St. Louis Blues,,,,,
1031,2023-03-09,Vegas Golden Knights,,Tampa Bay Lightning,,,,,
1032,2023-03-09,New Jersey Devils,,Washington Capitals,,,,,
1033,2023-03-10,Anaheim Ducks,,Calgary Flames,,,,,
1034,2023-03-10,Chicago Blackhawks,,Florida Panthers,,,,,
1035,2023-03-11,Detroit Red Wings,,Boston Bruins,,,,,
1036,2023-03-11,New York Rangers,,Buffalo Sabres,,,,,
1037,2023-03-11,Vegas Golden Knights,,Carolina Hurricanes,,,,,
1038,2023-03-11,St. Louis Blues,,Columbus Blue Jackets,,,,,
1039,2023-03-11,Arizona Coyotes,,Colorado Avalanche,,,,,
1040,2023-03-11,Winnipeg Jets,,Florida Panthers,,,,,
1041,2023-03-11,Nashville Predators,,Los Angeles Kings,,,,,
1042,2023-03-11,New Jersey Devils,,Montreal Canadiens,,,,,
1043,2023-03-11,Washington Capitals,,New York Islanders,,,,,
1044,2023-03-11,Philadelphia Flyers,,Pittsburgh Penguins,,,,,
1045,2023-03-11,Dallas Stars,,Seattle Kraken,,,,,
1046,2023-03-11,Minnesota Wild,,San Jose Sharks,,,,,
1047,2023-03-11,Chicago Blackhawks,,Tampa Bay Lightning,,,,,
1048,2023-03-11,Edmonton Oilers,,Toronto Maple Leafs,,,,,
1049,2023-03-11,Ottawa Senators,,Vancouver Canucks,,,,,
1050,2023-03-12,Nashville Predators,,Anaheim Ducks,,,,,
1051,2023-03-12,Minnesota Wild,,Arizona Coyotes,,,,,
1052,2023-03-12,Ottawa Senators,,Calgary Flames,,,,,
1053,2023-03-12,Boston Bruins,,Detroit Red Wings,,,,,
1054,2023-03-12,Carolina Hurricanes,,New Jersey Devils,,,,,
1055,2023-03-12,New York Rangers,,Pittsburgh Penguins,,,,,
1056,2023-03-12,Vegas Golden Knights,,St. Louis Blues,,,,,
1057,2023-03-12,Winnipeg Jets,,Tampa Bay Lightning,,,,,
1058,2023-03-13,Colorado Avalanche,,Montreal Canadiens,,,,,
1059,2023-03-13,Dallas Stars,,Seattle Kraken,,,,,
1060,2023-03-13,Buffalo Sabres,,Toronto Maple Leafs,,,,,
1061,2023-03-14,Calgary Flames,,Arizona Coyotes,,,,,
1062,2023-03-14,Winnipeg Jets,,Carolina Hurricanes,,,,,
1063,2023-03-14,Boston Bruins,,Chicago Blackhawks,,,,,
1064,2023-03-14,Ottawa Senators,,Edmonton Oilers,,,,,
1065,2023-03-14,New York Islanders,,Los Angeles Kings,,,,,
1066,2023-03-14,Tampa Bay Lightning,,New Jersey Devils,,,,,
1067,2023-03-14,Detroit Red Wings,,Nashville Predators,,,,,
1068,2023-03-14,Washington Capitals,,New York Rangers,,,,,
1069,2023-03-14,Vegas Golden Knights,,Philadelphia Flyers,,,,,
1070,2023-03-14,Montreal Canadiens,,Pittsburgh Penguins,,,,,
1071,2023-03-14,Columbus Blue Jackets,,San Jose Sharks,,,,,
1072,2023-03-14,Dallas Stars,,Vancouver Canucks,,,,,
1073,2023-03-15,New York Islanders,,Anaheim Ducks,,,,,
1074,2023-03-15,Minnesota Wild,,St. Louis Blues,,,,,
1075,2023-03-15,Colorado Avalanche,,Toronto Maple Leafs,,,,,
1076,2023-03-15,Buffalo Sabres,,Washington Capitals,,,,,
1077,2023-03-16,Vancouver Canucks,,Arizona Coyotes,,,,,
1078,2023-03-16,Dallas Stars,,Edmonton Oilers,,,,,
1079,2023-03-16,Montreal Canadiens,,Florida Panthers,,,,,
1080,2023-03-16,Columbus Blue Jackets,,Los Angeles Kings,,,,,
1081,2023-03-16,Tampa Bay Lightning,,New Jersey Devils,,,,,
1082,2023-03-16,Chicago Blackhawks,,Nashville Predators,,,,,
1083,2023-03-16,Pittsburgh Penguins,,New York Rangers,,,,,
1084,2023-03-16,Colorado Avalanche,,Ottawa Senators,,,,,
1085,2023-03-16,Seattle Kraken,,San Jose Sharks,,,,,
1086,2023-03-16,Calgary Flames,,Vegas Golden Knights,,,,,
1087,2023-03-16,Boston Bruins,,Winnipeg Jets,,,,,
1088,2023-03-17,Columbus Blue Jackets,,Anaheim Ducks,,,,,
1089,2023-03-17,Buffalo Sabres,,Philadelphia Flyers,,,,,
1090,2023-03-17,Carolina Hurricanes,,Toronto Maple Leafs,,,,,
1091,2023-03-17,St. Louis Blues,,Washington Capitals,,,,,
1092,2023-03-18,Chicago Blackhawks,,Arizona Coyotes,,,,,
1093,2023-03-18,Dallas Stars,,Calgary Flames,,,,,
1094,2023-03-18,Colorado Avalanche,,Detroit Red Wings,,,,,
1095,2023-03-18,New Jersey Devils,,Florida Panthers,,,,,
1096,2023-03-18,Vancouver Canucks,,Los Angeles Kings,,,,,
1097,2023-03-18,Boston Bruins,,Minnesota Wild,,,,,
1098,2023-03-18,Winnipeg Jets,,Nashville Predators,,,,,
1099,2023-03-18,Pittsburgh Penguins,,New York Rangers,,,,,
1100,2023-03-18,Toronto Maple Leafs,,Ottawa Senators,,,,,
1101,2023-03-18,Carolina Hurricanes,,Philadelphia Flyers,,,,,
1102,2023-03-18,Edmonton Oilers,,Seattle Kraken,,,,,
1103,2023-03-18,New York Islanders,,San Jose Sharks,,,,,
1104,2023-03-18,Montreal Canadiens,,Tampa Bay Lightning,,,,,
1105,2023-03-19,Vancouver Canucks,,Anaheim Ducks,,,,,
1106,2023-03-19,Boston Bruins,,Buffalo Sabres,,,,,
1107,2023-03-19,Washington Capitals,,Minnesota Wild,,,,,
1108,2023-03-19,Nashville Predators,,New York Rangers,,,,,
1109,2023-03-19,Winnipeg Jets,,St. Louis Blues,,,,,
1110,2023-03-19,New Jersey Devils,,Tampa Bay Lightning,,,,,
1111,2023-03-19,Columbus Blue Jackets,,Vegas Golden Knights,,,,,
1112,2023-03-20,Chicago Blackhawks,,Colorado Avalanche,,,,,
1113,2023-03-20,Florida Panthers,,Detroit Red Wings,,,,,
1114,2023-03-20,San Jose Sharks,,Edmonton Oilers,,,,,
1115,2023-03-20,Calgary Flames,,Los Angeles Kings,,,,,
1116,2023-03-20,Ottawa Senators,,Pittsburgh Penguins,,,,,
1117,2023-03-21,Calgary Flames,,Anaheim Ducks,,,,,
1118,2023-03-21,Ottawa Senators,,Boston Bruins,,,,,
1119,2023-03-21,Nashville Predators,,Buffalo Sabres,,,,,
1120,2023-03-21,Seattle Kraken,,Dallas Stars,,,,,
1121,2023-03-21,Tampa Bay Lightning,,Montreal Canadiens,,,,,
1122,2023-03-21,Minnesota Wild,,New Jersey Devils,,,,,
1123,2023-03-21,Toronto Maple Leafs,,New York Islanders,,,,,
1124,2023-03-21,Carolina Hurricanes,,New York Rangers,,,,,
1125,2023-03-21,Florida Panthers,,Philadelphia Flyers,,,,,
1126,2023-03-21,Detroit Red Wings,,St. Louis Blues,,,,,
1127,2023-03-21,Vegas Golden Knights,,Vancouver Canucks,,,,,
1128,2023-03-21,Arizona Coyotes,,Winnipeg Jets,,,,,
1129,2023-03-21,Columbus Blue Jackets,,Washington Capitals,,,,,
1130,2023-03-22,Pittsburgh Penguins,,Colorado Avalanche,,,,,
1131,2023-03-22,Arizona Coyotes,,Edmonton Oilers,,,,,
1132,2023-03-23,Winnipeg Jets,,Anaheim Ducks,,,,,
1133,2023-03-23,Montreal Canadiens,,Boston Bruins,,,,,
1134,2023-03-23,New York Rangers,,Carolina Hurricanes,,,,,
1135,2023-03-23,Vegas Golden Knights,,Calgary Flames,,,,,
1136,2023-03-23,Pittsburgh Penguins,,Dallas Stars,,,,,
1137,2023-03-23,St. Louis Blues,,Detroit Red Wings,,,,,
1138,2023-03-23,Toronto Maple Leafs,,Florida Panthers,,,,,
1139,2023-03-23,Seattle Kraken,,Nashville Predators,,,,,
1140,2023-03-23,Tampa Bay Lightning,,Ottawa Senators,,,,,
1141,2023-03-23,Minnesota Wild,,Philadelphia Flyers,,,,,
1142,2023-03-23,San Jose Sharks,,Vancouver Canucks,,,,,
1143,2023-03-23,Chicago Blackhawks,,Washington Capitals,,,,,
1144,2023-03-24,New Jersey Devils,,Buffalo Sabres,,,,,
1145,2023-03-24,New York Islanders,,Columbus Blue Jackets,,,,,
1146,2023-03-24,Arizona Coyotes,,Colorado Avalanche,,,,,
1147,2023-03-25,St. Louis Blues,,Anaheim Ducks,,,,,
1148,2023-03-25,Tampa Bay Lightning,,Boston Bruins,,,,,
1149,2023-03-25,Toronto Maple Leafs,,Carolina Hurricanes,,,,,
1150,2023-03-25,San Jose Sharks,,Calgary Flames,,,,,
1151,2023-03-25,Vancouver Canucks,,Dallas Stars,,,,,
1152,2023-03-25,Vegas Golden Knights,,Edmonton Oilers,,,,,
1153,2023-03-25,New York Rangers,,Florida Panthers,,,,,
1154,2023-03-25,Winnipeg Jets,,Los Angeles Kings,,,,,
1155,2023-03-25,Chicago Blackhawks,,Minnesota Wild,,,,,
1156,2023-03-25,Columbus Blue Jackets,,Montreal Canadiens,,,,,
1157,2023-03-25,Ottawa Senators,,New Jersey Devils,,,,,
1158,2023-03-25,Seattle Kraken,,Nashville Predators,,,,,
1159,2023-03-25,Buffalo Sabres,,New York Islanders,,,,,
1160,2023-03-25,Detroit Red Wings,,Philadelphia Flyers,,,,,
1161,2023-03-25,Washington Capitals,,Pittsburgh Penguins,,,,,
1162,2023-03-26,Colorado Avalanche,,Arizona Coyotes,,,,,
1163,2023-03-26,Boston Bruins,,Carolina Hurricanes,,,,,
1164,2023-03-26,Vancouver Canucks,,Chicago Blackhawks,,,,,
1165,2023-03-26,St. Louis Blues,,Los Angeles Kings,,,,,
1166,2023-03-26,Toronto Maple Leafs,,Nashville Predators,,,,,
1167,2023-03-27,Colorado Avalanche,,Anaheim Ducks,,,,,
1168,2023-03-27,Edmonton Oilers,,Arizona Coyotes,,,,,
1169,2023-03-27,Montreal Canadiens,,Buffalo Sabres,,,,,
1170,2023-03-27,Seattle Kraken,,Minnesota Wild,,,,,
1171,2023-03-27,New Jersey Devils,,New York Islanders,,,,,
1172,2023-03-27,Florida Panthers,,Ottawa Senators,,,,,
1173,2023-03-28,Nashville Predators,,Boston Bruins,,,,,
1174,2023-03-28,Tampa Bay Lightning,,Carolina Hurricanes,,,,,
1175,2023-03-28,Los Angeles Kings,,Calgary Flames,,,,,
1176,2023-03-28,Dallas Stars,,Chicago Blackhawks,,,,,
1177,2023-03-28,Pittsburgh Penguins,,Detroit Red Wings,,,,,
1178,2023-03-28,Columbus Blue Jackets,,New York Rangers,,,,,
1179,2023-03-28,Montreal Canadiens,,Philadelphia Flyers,,,,,
1180,2023-03-28,Winnipeg Jets,,San Jose Sharks,,,,,
1181,2023-03-28,Vancouver Canucks,,St. Louis Blues,,,,,
1182,2023-03-28,Edmonton Oilers,,Vegas Golden Knights,,,,,
1183,2023-03-29,Minnesota Wild,,Colorado Avalanche,,,,,
1184,2023-03-29,Florida Panthers,,Toronto Maple Leafs,,,,,
1185,2023-03-29,New York Islanders,,Washington Capitals,,,,,
1186,2023-03-30,Columbus Blue Jackets,,Boston Bruins,,,,,
1187,2023-03-30,St. Louis Blues,,Chicago Blackhawks,,,,,
1188,2023-03-30,Carolina Hurricanes,,Detroit Red Wings,,,,,
1189,2023-03-30,Los Angeles Kings,,Edmonton Oilers,,,,,
1190,2023-03-30,Florida Panthers,,Montreal Canadiens,,,,,
1191,2023-03-30,New York Rangers,,New Jersey Devils,,,,,
1192,2023-03-30,Philadelphia Flyers,,Ottawa Senators,,,,,
1193,2023-03-30,Nashville Predators,,Pittsburgh Penguins,,,,,
1194,2023-03-30,Anaheim Ducks,,Seattle Kraken,,,,,
1195,2023-03-30,Vegas Golden Knights,,San Jose Sharks,,,,,
1196,2023-03-30,Washington Capitals,,Tampa Bay Lightning,,,,,
1197,2023-03-31,Dallas Stars,,Arizona Coyotes,,,,,
1198,2023-03-31,New York Rangers,,Buffalo Sabres,,,,,
1199,2023-03-31,Calgary Flames,,Vancouver Canucks,,,,,
1200,2023-03-31,Detroit Red Wings,,Winnipeg Jets,,,,,
1201,2023-04-01,San Jose Sharks,,Arizona Coyotes,,,,,
1202,2023-04-01,Florida Panthers,,Columbus Blue Jackets,,,,,
1203,2023-04-01,New Jersey Devils,,Chicago Blackhawks,,,,,
1204,2023-04-01,Dallas Stars,,Colorado Avalanche,,,,,
1205,2023-04-01,Anaheim Ducks,,Edmonton Oilers,,,,,
1206,2023-04-01,Carolina Hurricanes,,Montreal Canadiens,,,,,
1207,2023-04-01,St. Louis Blues,,Nashville Predators,,,,,
1208,2023-04-01,Toronto Maple Leafs,,Ottawa Senators,,,,,
1209,2023-04-01,Buffalo Sabres,,Philadelphia Flyers,,,,,
1210,2023-04-01,Boston Bruins,,Pittsburgh Penguins,,,,,
1211,2023-04-01,Los Angeles Kings,,Seattle Kraken,,,,,
1212,2023-04-01,New York Islanders,,Tampa Bay Lightning,,,,,
1213,2023-04-01,Minnesota Wild,,Vegas Golden Knights,,,,,
1214,2023-04-02,New York Islanders,,Carolina Hurricanes,,,,,
1215,2023-04-02,Ottawa Senators,,Columbus Blue Jackets,,,,,
1216,2023-04-02,Anaheim Ducks,,Calgary Flames,,,,,
1217,2023-04-02,Philadelphia Flyers,,Pittsburgh Penguins,,,,,
1218,2023-04-02,Boston Bruins,,St. Louis Blues,,,,,
1219,2023-04-02,Detroit Red Wings,,Toronto Maple Leafs,,,,,
1220,2023-04-02,Los Angeles Kings,,Vancouver Canucks,,,,,
1221,2023-04-02,New Jersey Devils,,Winnipeg Jets,,,,,
1222,2023-04-02,New York Rangers,,Washington Capitals,,,,,
1223,2023-04-03,Nashville Predators,,Dallas Stars,,,,,
1224,2023-04-03,Vegas Golden Knights,,Minnesota Wild,,,,,
1225,2023-04-03,Arizona Coyotes,,Seattle Kraken,,,,,
1226,2023-04-04,Ottawa Senators,,Carolina Hurricanes,,,,,
1227,2023-04-04,Chicago Blackhawks,,Calgary Flames,,,,,
1228,2023-04-04,Buffalo Sabres,,Florida Panthers,,,,,
1229,2023-04-04,Edmonton Oilers,,Los Angeles Kings,,,,,
1230,2023-04-04,Detroit Red Wings,,Montreal Canadiens,,,,,
1231,2023-04-04,Pittsburgh Penguins,,New Jersey Devils,,,,,
1232,2023-04-04,Vegas Golden Knights,,Nashville Predators,,,,,
1233,2023-04-04,Colorado Avalanche,,San Jose Sharks,,,,,
1234,2023-04-04,Philadelphia Flyers,,St. Louis Blues,,,,,
1235,2023-04-04,Columbus Blue Jackets,,Toronto Maple Leafs,,,,,
1236,2023-04-04,Seattle Kraken,,Vancouver Canucks,,,,,
1237,2023-04-05,Edmonton Oilers,,Anaheim Ducks,,,,,
1238,2023-04-05,Tampa Bay Lightning,,New York Rangers,,,,,
1239,2023-04-05,Calgary Flames,,Winnipeg Jets,,,,,
1240,2023-04-06,Toronto Maple Leafs,,Boston Bruins,,,,,
1241,2023-04-06,Philadelphia Flyers,,Dallas Stars,,,,,
1242,2023-04-06,Buffalo Sabres,,Detroit Red Wings,,,,,
1243,2023-04-06,Ottawa Senators,,Florida Panthers,,,,,
1244,2023-04-06,Washington Capitals,,Montreal Canadiens,,,,,
1245,2023-04-06,Columbus Blue Jackets,,New Jersey Devils,,,,,
1246,2023-04-06,Carolina Hurricanes,,Nashville Predators,,,,,
1247,2023-04-06,Tampa Bay Lightning,,New York Islanders,,,,,
1248,2023-04-06,Minnesota Wild,,Pittsburgh Penguins,,,,,
1249,2023-04-06,Arizona Coyotes,,Seattle Kraken,,,,,
1250,2023-04-06,Colorado Avalanche,,San Jose Sharks,,,,,
1251,2023-04-06,New York Rangers,,St. Louis Blues,,,,,
1252,2023-04-06,Chicago Blackhawks,,Vancouver Canucks,,,,,
1253,2023-04-06,Los Angeles Kings,,Vegas Golden Knights,,,,,
1254,2023-04-08,Anaheim Ducks,,Arizona Coyotes,,,,,
1255,2023-04-08,New Jersey Devils,,Boston Bruins,,,,,
1256,2023-04-08,Carolina Hurricanes,,Buffalo Sabres,,,,,
1257,2023-04-08,New York Rangers,,Columbus Blue Jackets,,,,,
1258,2023-04-08,Vegas Golden Knights,,Dallas Stars,,,,,
1259,2023-04-08,Pittsburgh Penguins,,Detroit Red Wings,,,,,
1260,2023-04-08,Colorado Avalanche,,Los Angeles Kings,,,,,
1261,2023-04-08,St. Louis Blues,,Minnesota Wild,,,,,
1262,2023-04-08,Philadelphia Flyers,,New York Islanders,,,,,
1263,2023-04-08,Tampa Bay Lightning,,Ottawa Senators,,,,,
1264,2023-04-08,Chicago Blackhawks,,Seattle Kraken,,,,,
1265,2023-04-08,Edmonton Oilers,,San Jose Sharks,,,,,
1266,2023-04-08,Montreal Canadiens,,Toronto Maple Leafs,,,,,
1267,2023-04-08,Calgary Flames,,Vancouver Canucks,,,,,
1268,2023-04-08,Nashville Predators,,Winnipeg Jets,,,,,
1269,2023-04-08,Florida Panthers,,Washington Capitals,,,,,
1270,2023-04-09,Colorado Avalanche,,Anaheim Ducks,,,,,
1271,2023-04-09,Boston Bruins,,Philadelphia Flyers,,,,,
1272,2023-04-10,Seattle Kraken,,Arizona Coyotes,,,,,
1273,2023-04-10,Nashville Predators,,Calgary Flames,,,,,
1274,2023-04-10,Minnesota Wild,,Chicago Blackhawks,,,,,
1275,2023-04-10,Dallas Stars,,Detroit Red Wings,,,,,
1276,2023-04-10,Toronto Maple Leafs,,Florida Panthers,,,,,
1277,2023-04-10,Vancouver Canucks,,Los Angeles Kings,,,,,
1278,2023-04-10,Buffalo Sabres,,New York Rangers,,,,,
1279,2023-04-10,Carolina Hurricanes,,Ottawa Senators,,,,,
1280,2023-04-10,San Jose Sharks,,Winnipeg Jets,,,,,
1281,2023-04-10,New York Islanders,,Washington Capitals,,,,,
1282,2023-04-11,Vancouver Canucks,,Anaheim Ducks,,,,,
1283,2023-04-11,Washington Capitals,,Boston Bruins,,,,,
1284,2023-04-11,Detroit Red Wings,,Carolina Hurricanes,,,,,
1285,2023-04-11,Edmonton Oilers,,Colorado Avalanche,,,,,
1286,2023-04-11,Winnipeg Jets,,Minnesota Wild,,,,,
1287,2023-04-11,Buffalo Sabres,,New Jersey Devils,,,,,
1288,2023-04-11,Columbus Blue Jackets,,Philadelphia Flyers,,,,,
1289,2023-04-11,Chicago Blackhawks,,Pittsburgh Penguins,,,,,
1290,2023-04-11,Toronto Maple Leafs,,Tampa Bay Lightning,,,,,
1291,2023-04-11,Seattle Kraken,,Vegas Golden Knights,,,,,
1292,2023-04-12,San Jose Sharks,,Calgary Flames,,,,,
1293,2023-04-12,Montreal Canadiens,,New York Islanders,,,,,
1294,2023-04-12,Dallas Stars,,St. Louis Blues,,,,,
1295,2023-04-13,Los Angeles Kings,,Anaheim Ducks,,,,,
1296,2023-04-13,Vancouver Canucks,,Arizona Coyotes,,,,,
1297,2023-04-13,Ottawa Senators,,Buffalo Sabres,,,,,
1298,2023-04-13,Pittsburgh Penguins,,Columbus Blue Jackets,,,,,
1299,2023-04-13,Philadelphia Flyers,,Chicago Blackhawks,,,,,
1300,2023-04-13,Winnipeg Jets,,Colorado Avalanche,,,,,
1301,2023-04-13,St. Louis Blues,,Dallas Stars,,,,,
1302,2023-04-13,San Jose Sharks,,Edmonton Oilers,,,,,
1303,2023-04-13,Carolina Hurricanes,,Florida Panthers,,,,,
1304,2023-04-13,Boston Bruins,,Montreal Canadiens,,,,,
1305,2023-04-13,Minnesota Wild,,Nashville Predators,,,,,
1306,2023-04-13,Toronto Maple Leafs,,New York Rangers,,,,,
1307,2023-04-13,Vegas Golden Knights,,Seattle Kraken,,,,,
1308,2023-04-13,Detroit Red Wings,,Tampa Bay Lightning,,,,,
1309,2023-04-13,New Jersey Devils,,Washington Capitals,,,,,
